,Airport ID,Name,City,Country,IATA,ICAO,Latitude,Longitude,Altitude,TimeZone,DST,Tz Database Time Zone,Type,Source,2021 Passenger Rank,Airport Code,Airport Name,City Name,State Name,Average Fare ($),Inflation Adjusted Average Fare ($) (Base Year: 2022),2021 Passengers (10% sample),STATE,STUSAB,STATE_NAME,STATENS
0,3415,Hilo International Airport,Hilo,United States,ITO,PHTO,19.72139931,-155.0480042,38.0,-10,N,Pacific/Honolulu,airport,OurAirports,140,ITO,Hilo International,Hilo,HI,272.41,325.23," 17,964 ",15,HI,Hawaii,1779782
1,3456,Kahului Airport,Kahului,United States,OGG,PHOG,20.8986,-156.429993,54.0,-10,N,Pacific/Honolulu,airport,OurAirports,72,OGG,Kahului Airport,Kahului,HI,297.38,355.05," 74,704 ",15,HI,Hawaii,1779782
2,3514,Ellison Onizuka Kona International At Keahole Airport,Kona,United States,KOA,PHKO,19.738783,-156.045603,47.0,-10,N,Pacific/Honolulu,airport,OurAirports,90,KOA,Ellison Onizuka Kona International at Keahole,Kona,HI,309.55,369.58," 44,410 ",15,HI,Hawaii,1779782
3,3545,Waimea Kohala Airport,Kamuela,United States,MUE,PHMU,20.00130081,-155.6679993,2671.0,-10,A,Pacific/Honolulu,airport,OurAirports,410,MUE,Waimea-Kohala,Kamuela,HI,590.0,704.42, -   ,15,HI,Hawaii,1779782
4,32,Lihue Airport,Lihue,United States,LIH,PHLI,21.97599983,-159.3390045,153.0,-10,N,Pacific/Honolulu,airport,OurAirports,106,LIH,Lihue Airport,Lihue,HI,281.88,336.55," 32,532 ",15,HI,Hawaii,1779782
5,35,Molokai Airport,Molokai,United States,MKK,PHMK,21.1529007,-157.095993,454.0,-10,N,Pacific/Honolulu,airport,OurAirports,398,MKK,Molokai,Hoolehua,HI,227.17,271.23, 24 ,15,HI,Hawaii,1779782
6,3728,Daniel K Inouye International Airport,Honolulu,United States,HNL,PHNL,21.32062,-157.924228,13.0,-10,N,Pacific/Honolulu,airport,OurAirports,38,HNL,Daniel K Inouye International,Honolulu,HI,368.7,440.2," 201,225 ",15,HI,Hawaii,1779782
7,3796,Kapalua Airport,Lahania-kapalua,United States,JHM,PHJH,20.96290016,-156.6730042,256.0,-10,N,Pacific/Honolulu,airport,OurAirports,405,JHM,Kapalua Airport,Kapalua,HI,293.05,349.88, 6 ,15,HI,Hawaii,1779782
8,3851,Lanai Airport,Lanai,United States,LNY,PHNY,20.78560066,-156.951004,1308.0,-10,N,Pacific/Honolulu,airport,OurAirports,401,LNY,Lanai Airport,Lanai,HI,379.78,453.43, 13 ,15,HI,Hawaii,1779782
9,3426,St Paul Island Airport,St. Paul Island,United States,SNP,PASN,57.16730118,-170.2200012,63.0,-9,A,America/Anchorage,airport,OurAirports,407,SNP,St. Paul Island,St. Paul,AK,956.21,1141.65, 3 ,2,AK,Alaska,1785533
10,34,Dillingham Airport,Dillingham,United States,DLG,PADL,59.04470062,-158.5050049,81.0,-9,A,America/Anchorage,airport,OurAirports,310,DLG,Dillingham Airport,Dillingham,AK,608.24,726.19, 991 ,2,AK,Alaska,1785533
11,3492,Juneau International Airport,Juneau,United States,JNU,PAJN,58.35499954,-134.576004,21.0,-9,A,America/Anchorage,airport,OurAirports,179,JNU,Juneau International,Juneau,AK,407.36,486.36," 9,873 ",2,AK,Alaska,1785533
12,3531,Kodiak Airport,Kodiak,United States,ADQ,PADQ,57.75,-152.4940033,78.0,-9,A,America/Anchorage,airport,OurAirports,257,ADQ,Kodiak Airport,Kodiak,AK,553.56,660.91," 2,681 ",2,AK,Alaska,1785533
13,3571,Wiley Post Will Rogers Memorial Airport,Barrow,United States,BRW,PABR,71.285402,-156.766008,44.0,-9,A,America/Anchorage,airport,OurAirports,289,BRW,Wiley Post/Will Rogers Memorial,Barrow,AK,463.21,553.04," 1,448 ",2,AK,Alaska,1785533
14,3599,Bethel Airport,Bethel,United States,BET,PABE,60.77980042,-161.8379974,126.0,-9,A,America/Anchorage,airport,OurAirports,236,BET,Bethel Airport,Bethel,AK,379.89,453.56," 3,893 ",2,AK,Alaska,1785533
15,36,Merle K (Mudhole) Smith Airport,Cordova,United States,CDV,PACV,60.4917984,-145.4779968,54.0,-9,A,America/Anchorage,airport,OurAirports,336,CDV,Merle K Mudhole Smith,Cordova,AK,407.62,486.67, 604 ,2,AK,Alaska,1785533
16,3615,Nome Airport,Nome,United States,OME,PAOM,64.5121994,-165.4450073,37.0,-9,A,America/Anchorage,airport,OurAirports,285,OME,Nome Airport,Nome,AK,496.84,593.19," 1,505 ",2,AK,Alaska,1785533
17,36,Deadhorse Airport,Deadhorse,United States,SCC,PASC,70.19470215,-148.4649963,65.0,-9,A,America/Anchorage,airport,OurAirports,304,SCC,Deadhorse Airport,Deadhorse,AK,422.64,504.6," 1,094 ",2,AK,Alaska,1785533
18,3628,Kenai Municipal Airport,Kenai,United States,ENA,PAEN,60.57310104,-151.2449951,99.0,-9,A,America/Anchorage,airport,OurAirports,372,ENA,Kenai Municipal,Kenai,AK,646.72,772.14, 91 ,2,AK,Alaska,1785533
19,3664,Homer Airport,Homer,United States,HOM,PAHO,59.64559937,-151.477005,84.0,-9,A,America/Anchorage,airport,OurAirports,378,HOM,Homer Airport,Homer,AK,655.39,782.49, 71 ,2,AK,Alaska,1785533
20,3693,Ralph Wien Memorial Airport,Kotzebue,United States,OTZ,PAOT,66.88469696,-162.598999,14.0,-9,A,America/Anchorage,airport,OurAirports,282,OTZ,Ralph Wien Memorial,Kotzebue,AK,458.07,546.91," 1,608 ",2,AK,Alaska,1785533
21,3764,Edward G. Pitka Sr Airport,Galena,United States,GAL,PAGA,64.73619843,-156.9369965,153.0,-9,A,America/Anchorage,airport,OurAirports,410,GAL,Edward G. Pitka Sr.,Galena,AK,660.0,787.99, -   ,2,AK,Alaska,1785533
22,3774,Ted Stevens Anchorage International Airport,Anchorage,United States,ANC,PANC,61.17440033,-149.9960022,152.0,-9,A,America/Anchorage,airport,OurAirports,66,ANC,Ted Stevens Anchorage International,Anchorage,AK,430.09,513.49," 86,440 ",2,AK,Alaska,1785533
23,3794,King Salmon Airport,King Salmon,United States,AKN,PAKN,58.67679977,-156.6490021,73.0,-9,A,America/Anchorage,airport,OurAirports,329,AKN,King Salmon Airport,King Salmon,AK,626.22,747.66, 688 ,2,AK,Alaska,1785533
24,38,Ketchikan International Airport,Ketchikan,United States,KTN,PAKT,55.35559845,-131.7140045,89.0,-9,A,America/Anchorage,airport,OurAirports,234,KTN,Ketchikan International,Ketchikan,AK,451.75,539.35," 4,031 ",2,AK,Alaska,1785533
25,3832,Fairbanks International Airport,Fairbanks,United States,FAI,PAFA,64.81510162,-147.8560028,439.0,-9,A,America/Anchorage,airport,OurAirports,135,FAI,Fairbanks International,Fairbanks,AK,408.03,487.16," 20,659 ",2,AK,Alaska,1785533
26,3854,Cold Bay Airport,Cold Bay,United States,CDB,PACD,55.20610046,-162.7250061,96.0,-9,A,America/Anchorage,airport,OurAirports,384,CDB,Cold Bay Airport,Cold Bay,AK,901.32,1076.12, 50 ,2,AK,Alaska,1785533
27,3856,Sitka Rocky Gutierrez Airport,Sitka,United States,SIT,PASI,57.04710007,-135.3619995,21.0,-9,A,America/Anchorage,airport,OurAirports,254,SIT,Sitka Rocky Gutierrez,Sitka,AK,402.52,480.58," 2,765 ",2,AK,Alaska,1785533
28,38,Unalaska Airport,Unalaska,United States,DUT,PADU,53.90010071,-166.5440063,22.0,-9,A,America/Anchorage,airport,OurAirports,361,DUT,Unalaska Airport,Unalaska,AK,995.01,1187.96, 186 ,2,AK,Alaska,1785533
29,3865,Valdez Pioneer Field,Valdez,United States,VDZ,PAVD,61.13389969,-146.2480011,121.0,-9,A,America/Anchorage,airport,OurAirports,399,VDZ,Valdez Pioneer Field,Valdez,AK,627.69,749.41, 17 ,2,AK,Alaska,1785533
30,4147,Petersburg James A Johnson Airport,Petersburg,United States,PSG,PAPG,56.80170059,-132.9450073,111.0,-9,A,America/Anchorage,airport,OurAirports,322,PSG,Petersburg James A Johnson,Petersburg,AK,418.82,500.04, 783 ,2,AK,Alaska,1785533
31,5959,Adak Airport,Adak Island,United States,ADK,PADK,51.87799835,-176.6459961,18.0,-10,A,America/Adak,airport,OurAirports,376,ADK,Adak,Adak Island,AK,951.63,1136.18, 76 ,2,AK,Alaska,1785533
32,59,Gustavus Airport,Gustavus,United States,GST,PAGS,58.4253006,-135.7070007,35.0,-9,A,America/Anchorage,airport,OurAirports,364,GST,Gustavus Airport,Gustavus,AK,195.32,233.2, 142 ,2,AK,Alaska,1785533
33,5965,McGrath Airport,Mcgrath,United States,MCG,PAMC,62.95289993,-155.6060028,341.0,-9,A,America/Anchorage,airport,OurAirports,410,MCG,McGrath Airport,McGrath,AK,590.73,705.29, -   ,2,AK,Alaska,1785533
34,5967,Aniak Airport,Aniak,United States,ANI,PANI,61.58160019,-159.5429993,88.0,-9,A,America/Anchorage,airport,OurAirports,410,ANI,Aniak Airport,Aniak,AK,601.0,717.55, -   ,2,AK,Alaska,1785533
35,5969,Wrangell Airport,Wrangell,United States,WRG,PAWG,56.48429871,-132.3699951,49.0,-9,A,America/Anchorage,airport,OurAirports,344,WRG,Wrangell Airport,Wrangell,AK,416.15,496.85, 496 ,2,AK,Alaska,1785533
36,6723,Shishmaref Airport,Shishmaref,United States,SHH,PASH,66.249604,-166.089112,12.0,-9,A,America/Anchorage,airport,OurAirports,410,SHH,Shishmaref Airport,Shishmaref,AK,515.0,614.87, -   ,2,AK,Alaska,1785533
37,6724,Savoonga Airport,Savoonga,United States,SVA,PASA,63.68640137,-170.4929962,53.0,-9,A,America/Anchorage,airport,OurAirports,410,SVA,Savoonga Airport,Savoonga,AK,1019.0,1216.61, -   ,2,AK,Alaska,1785533
38,6742,Sand Point Airport,Sand Point,United States,SDP,PASD,55.31499863,-160.522995,21.0,-9,A,America/Anchorage,airport,OurAirports,406,SDP,Sand Point,Sandpoint,AK,885.49,1057.21, 4 ,2,AK,Alaska,1785533
39,63,Yakutat Airport,Yakutat,United States,YAK,PAYA,59.50329971,-139.6600037,33.0,-9,A,America/Anchorage,airport,OurAirports,358,YAK,Yakutat Airport,Yakutat,AK,353.95,422.59, 231 ,2,AK,Alaska,1785533
40,88,Unalakleet Airport,Unalakleet,United States,UNK,PAUN,63.88840103,-160.798996,27.0,-9,A,America/Anchorage,airport,OurAirports,410,UNK,Unalakleet Airport,Unalakleet,AK,539.0,643.53, -   ,2,AK,Alaska,1785533
41,7188,White Mountain Airport,White Mountain,United States,WMO,PAWM,64.68920136,-163.4129944,267.0,-9,A,America/Anchorage,airport,OurAirports,410,WMO,White Mountain Airport,White Mountain,AK,779.0,930.07, -   ,2,AK,Alaska,1785533
42,80,Toksook Bay Airport,Toksook Bay,United States,OOK,PAOO,60.54140091,-165.0870056,59.0,-9,A,America/Anchorage,airport,OurAirports,410,OOK,Toksook Bay,Toksook,AK,699.0,834.56, -   ,2,AK,Alaska,1785533
43,3437,Fort Smith Regional Airport,Fort Smith,United States,FSM,KFSM,35.33660126,-94.36740112,469.0,-6,A,America/Chicago,airport,OurAirports,258,FSM,Fort Smith Regional,Fort Smith,AR,576.44,688.23," 2,626 ",5,AR,Arkansas,68085
44,36,Bill & Hillary Clinton National Airport/Adams Field,Little Rock,United States,LIT,KLIT,34.72940063,-92.22429657,262.0,-6,A,America/Chicago,airport,OurAirports,88,LIT,Bill and Hillary Clinton Nat Adams Field,Little Rock,AR,439.24,524.42," 48,278 ",5,AR,Arkansas,68085
45,37,Texarkana Regional Webb Field,Texarkana,United States,TXK,KTXK,33.45370102,-93.99099731,390.0,-6,A,America/Chicago,airport,OurAirports,277,TXK,Texarkana Regional-Webb Field,Texarkana,AR,494.14,589.96," 1,730 ",5,AR,Arkansas,68085
46,4356,Northwest Arkansas Regional Airport,Bentonville,United States,XNA,KXNA,36.281898,-94.306801,1287.0,-6,A,America/Chicago,airport,OurAirports,104,XNA,Northwest Arkansas National,Fayetteville,AR,537.65,641.92," 33,498 ",5,AR,Arkansas,68085
47,3442,Grand Forks International Airport,Grand Forks,United States,GFK,KGFK,47.949299,-97.176102,845.0,-6,A,America/Chicago,airport,OurAirports,231,GFK,Grand Forks International,Grand Forks,ND,441.01,526.53," 4,123 ",38,ND,North Dakota,1779797
48,3498,Minot International Airport,Minot,United States,MOT,KMOT,48.25939941,-101.2799988,1716.0,-6,A,America/Chicago,airport,OurAirports,189,MOT,Minot International,Minot,ND,473.33,565.12," 7,755 ",38,ND,North Dakota,1779797
49,3659,Sloulin Field International Airport,Williston,United States,ISN,KISN,48.17789841,-103.6419983,1982.0,-6,A,America/Chicago,airport,OurAirports,410,ISN,Sloulin Field International,Williston,ND,697.6,832.88, -   ,38,ND,North Dakota,1779797
50,83,Bismarck Municipal Airport,Bismarck,United States,BIS,KBIS,46.77270126,-100.7460022,1661.0,-6,A,America/Chicago,airport,OurAirports,163,BIS,Bismarck Municipal,Bismarck/Mandan,ND,420.7,502.29," 12,907 ",38,ND,North Dakota,1779797
51,4292,Hector International Airport,Fargo,United States,FAR,KFAR,46.92070007,-96.81580353,902.0,-6,A,America/Chicago,airport,OurAirports,123,FAR,Hector International,Fargo,ND,486.09,580.35," 24,510 ",38,ND,North Dakota,1779797
52,5745,Jamestown Regional Airport,Jamestown,United States,JMS,KJMS,46.92969894,-98.67819977,1500.0,-6,A,America/Chicago,airport,OurAirports,343,JMS,Jamestown Regional,Jamestown,ND,407.76,486.84, 507 ,38,ND,North Dakota,1779797
53,63,Devils Lake Regional Airport,Devils Lake,United States,DVL,KDVL,48.11420059,-98.90879822,1456.0,-6,A,America/Chicago,airport,OurAirports,357,DVL,Devils Lake Regional,Devils Lake,ND,466.79,557.31, 247 ,38,ND,North Dakota,1779797
54,64,Dickinson Theodore Roosevelt Regional Airport,Dickinson,United States,DIK,KDIK,46.79740143,-102.802002,2592.0,-7,A,America/Denver,airport,OurAirports,308,DIK,Dickinson - Theodore Roosevelt Regional,Dickinson,ND,661.2,789.43," 1,044 ",38,ND,North Dakota,1779797
55,3446,Ernest A. Love Field,Prescott,United States,PRC,KPRC,34.65449905,-112.4199982,5045.0,-7,A,America/Phoenix,airport,OurAirports,330,PRC,Prescott Regional Ernest A Love Field,Prescott,AZ,398.7,476.02, 665 ,4,AZ,Arizona,1779777
56,3462,Phoenix Sky Harbor International Airport,Phoenix,United States,PHX,KPHX,33.43429947,-112.012001,1135.0,-7,N,America/Phoenix,airport,OurAirports,8,PHX,Phoenix Sky Harbor International,Phoenix,AZ,327.12,390.56," 592,829 ",4,AZ,Arizona,1779777
57,3596,Yuma MCAS/Yuma International Airport,Yuma,United States,YUM,KNYL,32.65660095,-114.6060028,213.0,-7,N,America/Phoenix,airport,OurAirports,212,YUM,Yuma MCAS/Yuma International,Yuma,AZ,485.18,579.26," 5,255 ",4,AZ,Arizona,1779777
58,3636,Tucson International Airport,Tucson,United States,TUS,KTUS,32.11610031,-110.9410019,2643.0,-7,N,America/Phoenix,airport,OurAirports,73,TUS,Tucson International,Tucson,AZ,382.34,456.49," 70,359 ",4,AZ,Arizona,1779777
59,4124,Page Municipal Airport,Page,United States,PGA,KPGA,36.92610168,-111.447998,4316.0,-7,A,America/Phoenix,airport,OurAirports,380,PGA,Page Municipal,Page,AZ,466.43,556.88, 65 ,4,AZ,Arizona,1779777
60,4261,Flagstaff Pulliam Airport,Flagstaff,United States,FLG,KFLG,35.13850021,-111.6709976,7014.0,-7,N,America/Phoenix,airport,OurAirports,221,FLG,Flagstaff Pulliam,Flagstaff,AZ,434.58,518.86," 4,845 ",4,AZ,Arizona,1779777
61,65,Phoenix-Mesa-Gateway Airport,Mesa,United States,AZA,KIWA,33.30780029,-111.6549988,1382.0,-7,N,America/Phoenix,airport,OurAirports,102,AZA,Phoenix - Mesa Gateway,Phoenix,AZ,145.09,173.22," 33,615 ",4,AZ,Arizona,1779777
62,78,Show Low Regional Airport,Show Low,United States,SOW,KSOW,34.26549912,-110.0059967,6415.0,-7,A,America/Phoenix,airport,OurAirports,384,SOW,Show Low Regional,Show Low,AZ,608.2,726.15, 50 ,4,AZ,Arizona,1779777
63,3447,Trenton Mercer Airport,Trenton,United States,TTN,KTTN,40.27669907,-74.81349945,213.0,-5,A,America/New_York,airport,OurAirports,182,TTN,Trenton Mercer,Trenton,NJ,160.65,191.81," 9,198 ",34,NJ,New Jersey,1779795
64,3494,Newark Liberty International Airport,Newark,United States,EWR,KEWR,40.69250107,-74.16870117,18.0,-5,A,America/New_York,airport,OurAirports,5,EWR,Newark Liberty International,Newark,NJ,401.2,479.01," 652,199 ",34,NJ,New Jersey,1779795
65,3524,Atlantic City International Airport,Atlantic City,United States,ACY,KACY,39.45759964,-74.57720184,75.0,-5,A,America/New_York,airport,OurAirports,138,ACY,Atlantic City International,Atlantic City,NJ,125.62,149.99," 18,671 ",34,NJ,New Jersey,1779795
66,3448,General Edward Lawrence Logan International Airport,Boston,United States,BOS,KBOS,42.36429977,-71.00520325,20.0,-5,A,America/New_York,airport,OurAirports,10,BOS,Logan International,Boston,MA,335.98,401.13," 569,471 ",25,MA,Massachusetts,606926
67,3517,Nantucket Memorial Airport,Nantucket,United States,ACK,KACK,41.25310135,-70.06020355,47.0,-5,A,America/New_York,airport,OurAirports,229,ACK,Nantucket Memorial,Nantucket,MA,314.76,375.8," 4,191 ",25,MA,Massachusetts,606926
68,4265,Martha's Vineyard Airport,Vineyard Haven MA,United States,MVY,KMVY,41.39310074,-70.61430359,67.0,-5,A,America/New_York,airport,OurAirports,263,MVY,Martha's Vineyard Airport,Martha's Vineyard,MA,321.28,383.59," 2,432 ",25,MA,Massachusetts,606926
69,4278,Barnstable Municipal Boardman Polando Field,Barnstable,United States,HYA,KHYA,41.66930008,-70.28040314,54.0,-5,A,America/New_York,airport,OurAirports,352,HYA,Cape Cod Gateway,Hyannis,MA,229.52,274.03, 392 ,25,MA,Massachusetts,606926
70,6426,Worcester Regional Airport,Worcester,United States,ORH,KORH,42.26729965,-71.8757019,1009.0,-5,A,America/New_York,airport,OurAirports,311,ORH,Worcester Regional,Worcester,MA,293.68,350.64, 959 ,25,MA,Massachusetts,606926
71,6456,Provincetown Municipal Airport,Provincetown,United States,PVC,KPVC,42.07189941,-70.2213974,9.0,-5,A,America/New_York,airport,OurAirports,369,PVC,Provincetown Municipal,Provincetown,MA,416.63,497.43, 103 ,25,MA,Massachusetts,606926
72,3453,Metropolitan Oakland International Airport,Oakland,United States,OAK,KOAK,37.721298,-122.221001,9.0,-8,A,America/Los_Angeles,airport,OurAirports,41,OAK,Metro Oakland International,Oakland,CA,293.26,350.13," 194,387 ",6,CA,California,1779778
73,3469,San Francisco International Airport,San Francisco,United States,SFO,KSFO,37.61899948,-122.375,13.0,-8,A,America/Los_Angeles,airport,OurAirports,12,SFO,San Francisco International,San Francisco,CA,384.99,459.65," 501,601 ",6,CA,California,1779778
74,3484,Los Angeles International Airport,Los Angeles,United States,LAX,KLAX,33.94250107,-118.4079971,125.0,-8,A,America/Los_Angeles,airport,OurAirports,1,LAX,Los Angeles International,Los Angeles,CA,352.52,420.88," 981,228 ",6,CA,California,1779778
75,3558,Meadows Field,Bakersfield,United States,BFL,KBFL,35.43360138,-119.0569992,510.0,-8,A,America/Los_Angeles,airport,OurAirports,186,BFL,Meadows Field,Bakersfield,CA,586.53,700.28," 8,531 ",6,CA,California,1779778
76,3582,Long Beach /Daugherty Field/ Airport,Long Beach,United States,LGB,KLGB,33.81769943,-118.1520004,60.0,-8,A,America/Los_Angeles,airport,OurAirports,81,LGB,Long Beach Airport,Long Beach,CA,200.88,239.83," 57,022 ",6,CA,California,1779778
77,3644,Bob Hope Airport,Burbank,United States,BUR,KBUR,34.20069885,-118.3590012,778.0,-8,A,America/Los_Angeles,airport,OurAirports,60,BUR,Bob Hope,Burbank,CA,268.57,320.65," 97,139 ",6,CA,California,1779778
78,3687,Fresno Yosemite International Airport,Fresno,United States,FAT,KFAT,36.77619934,-119.7180023,336.0,-8,A,America/Los_Angeles,airport,OurAirports,84,FAT,Fresno Yosemite International,Fresno,CA,438.82,523.92," 52,418 ",6,CA,California,1779778
79,3689,Imperial County Airport,Imperial,United States,IPL,KIPL,32.83420181,-115.5790024,-54.0,-8,A,America/Los_Angeles,airport,OurAirports,367,IPL,Imperial County,El Centro,CA,338.95,404.69, 121 ,6,CA,California,1779778
80,3731,San Diego International Airport,San Diego,United States,SAN,KSAN,32.73360062,-117.1900024,17.0,-8,A,America/Los_Angeles,airport,OurAirports,20,SAN,San Diego International,San Diego,CA,337.85,403.37," 389,451 ",6,CA,California,1779778
81,3734,Ontario International Airport,Ontario,United States,ONT,KONT,34.05599976,-117.6009979,944.0,-8,A,America/Los_Angeles,airport,OurAirports,54,ONT,Ontario International,Ontario,CA,336.52,401.78," 128,292 ",6,CA,California,1779778
82,3748,Norman Y. Mineta San Jose International Airport,San Jose,United States,SJC,KSJC,37.362598,-121.929001,62.0,-8,A,America/Los_Angeles,airport,OurAirports,40,SJC,Norman Y. Mineta San Jose International,San Jose,CA,307.11,366.67," 194,429 ",6,CA,California,1779778
83,35,Stockton Metropolitan Airport,Stockton,United States,SCK,KSCK,37.89419937,-121.237999,33.0,-8,A,America/Los_Angeles,airport,OurAirports,213,SCK,Stockton Metro,Stockton,CA,120.22,143.54," 5,232 ",6,CA,California,1779778
84,3817,Sacramento International Airport,Sacramento,United States,SMF,KSMF,38.69540024,-121.5910034,27.0,-8,A,America/Los_Angeles,airport,OurAirports,30,SMF,Sacramento International,Sacramento,CA,352.21,420.51," 265,377 ",6,CA,California,1779778
85,3839,Palm Springs International Airport,Palm Springs,United States,PSP,KPSP,33.82970047,-116.5070038,477.0,-8,A,America/Los_Angeles,airport,OurAirports,96,PSP,Palm Springs International,Palm Springs,CA,387.26,462.36," 39,514 ",6,CA,California,1779778
86,3867,John Wayne Airport-Orange County Airport,Santa Ana,United States,SNA,KSNA,33.67570114,-117.8679962,56.0,-8,A,America/Los_Angeles,airport,OurAirports,45,SNA,John Wayne Airport-Orange County,Santa Ana,CA,353.84,422.46," 182,534 ",6,CA,California,1779778
87,3948,Monterey Peninsula Airport,Monterey,United States,MRY,KMRY,36.5870018,-121.8430023,257.0,-8,A,America/Los_Angeles,airport,OurAirports,180,MRY,Monterey Regional,Monterey,CA,366.12,437.12," 9,503 ",6,CA,California,1779778
88,3949,Santa Barbara Municipal Airport,Santa Barbara,United States,SBA,KSBA,34.42620087,-119.8399963,13.0,-8,A,America/Los_Angeles,airport,OurAirports,126,SBA,Santa Barbara Municipal,Santa Barbara,CA,525.81,627.77," 23,984 ",6,CA,California,1779778
89,98,Redding Municipal Airport,Redding,United States,RDD,KRDD,40.50899887,-122.2929993,505.0,-8,A,America/Los_Angeles,airport,OurAirports,246,RDD,Redding Municipal,Redding,CA,457.57,546.3," 3,292 ",6,CA,California,1779778
90,4384,California Redwood Coast-Humboldt County Airport,Arcata CA,United States,ACV,KACV,40.978101,-124.109,221.0,-8,A,America/Los_Angeles,airport,OurAirports,219,ACV,California Redwood Coast Humboldt County,Arcata/Eureka,CA,665.48,794.54," 4,875 ",6,CA,California,1779778
91,5727,Jack Mc Namara Field Airport,Crescent City,United States,CEC,KCEC,41.78020096,-124.2369995,61.0,-8,A,America/Los_Angeles,airport,OurAirports,408,CEC,Jack McNamara Field,Crescent City,CA,492.8,588.36, 1 ,6,CA,California,1779778
92,5768,San Luis County Regional Airport,San Luis Obispo,United States,SBP,KSBP,35.23680115,-120.6419983,212.0,-8,A,America/Los_Angeles,airport,OurAirports,172,SBP,San Luis County Regional,San Luis Obispo,CA,510.96,610.05," 11,284 ",6,CA,California,1779778
93,5772,Santa Maria Pub/Capt G Allan Hancock Field,Santa Maria,United States,SMX,KSMX,34.89889908,-120.4570007,261.0,-8,A,America/Los_Angeles,airport,OurAirports,280,SMX,Santa Maria Public/Capt. G. Allan Hancock Field,Santa Maria,CA,112.32,134.11," 1,639 ",6,CA,California,1779778
94,6992,Charles M. Schulz Sonoma County Airport,Santa Rosa,United States,STS,KSTS,38.50899887,-122.8130035,128.0,-8,A,America/Los_Angeles,airport,OurAirports,173,STS,Charles M. Schulz - Sonoma County,Santa Rosa,CA,295.89,353.27," 10,338 ",6,CA,California,1779778
95,81,Mammoth Yosemite Airport,Mammoth Lakes,United States,MMH,KMMH,37.62409973,-118.8379974,7135.0,-8,A,America/Los_Angeles,airport,OurAirports,410,MMH,Mammoth Lakes Airport,Mammoth Lakes,CA,197.68,236.02, -   ,6,CA,California,1779778
96,71,Inyokern Airport,Inyokern,United States,IYK,KIYK,35.65879822,-117.8300018,2457.0,-8,A,America/Los_Angeles,airport,OurAirports,410,IYK,Inyokern Airport,Inyokern,CA,686.67,819.83, -   ,6,CA,California,1779778
97,7122,Merced Regional Macready Field,Merced,United States,MCE,KMCE,37.28469849,-120.5139999,155.0,-8,A,America/Los_Angeles,airport,OurAirports,395,MCE,Merced Regional/Macready Field,Merced,CA,424.0,506.23, 27 ,6,CA,California,1779778
98,3454,Eppley Airfield,Omaha,United States,OMA,KOMA,41.3032,-95.894096,984.0,-6,A,America/Chicago,airport,OurAirports,56,OMA,Eppley Airfield,Omaha,NE,370.31,442.12," 106,587 ",31,NE,Nebraska,1779792
99,3543,Lincoln Airport,Lincoln,United States,LNK,KLNK,40.85100174,-96.75920105,1219.0,-6,A,America/Chicago,airport,OurAirports,217,LNK,Lincoln Airport,Lincoln,NE,504.97,602.89," 5,033 ",31,NE,Nebraska,1779792
100,5723,Western Neb. Rgnl/William B. Heilig Airport,Scottsbluff,United States,BFF,KBFF,41.87400055,-103.5960007,3967.0,-7,A,America/Denver,airport,OurAirports,337,BFF,Western Neb. Regional/William B. Heilig Field,Scottsbluff,NE,514.14,613.85, 600 ,31,NE,Nebraska,1779792
101,57,Central Nebraska Regional Airport,Grand Island,United States,GRI,KGRI,40.96749878,-98.30960083,1847.0,-6,A,America/Chicago,airport,OurAirports,240,GRI,Central Nebraska Regional,Grand Island,NE,307.31,366.91," 3,669 ",31,NE,Nebraska,1779792
102,5748,North Platte Regional Airport Lee Bird Field,North Platte,United States,LBF,KLBF,41.12620163,-100.6839981,2777.0,-6,A,America/Chicago,airport,OurAirports,325,LBF,North Platte Regional Airport Lee Bird Field,North Platte,NE,499.13,595.93, 711 ,31,NE,Nebraska,1779792
103,66,Chadron Municipal Airport,Chadron,United States,CDR,KCDR,42.83760071,-103.0950012,3297.0,-7,A,America/Denver,airport,OurAirports,395,CDR,Chadron Municipal,Chadron,NE,296.84,354.41, 27 ,31,NE,Nebraska,1779792
104,67,Alliance Municipal Airport,Alliance,United States,AIA,KAIA,42.05319977,-102.8040009,3931.0,-7,A,America/Denver,airport,OurAirports,390,AIA,Alliance Municipal,Alliance,NE,365.79,436.72, 43 ,31,NE,Nebraska,1779792
105,68,Mc Cook Ben Nelson Regional Airport,McCook,United States,MCK,KMCK,40.20629883,-100.5920029,2583.0,-6,A,America/Chicago,airport,OurAirports,386,MCK,McCook Ben Nelson Regional,McCook,NE,487.5,582.04, 49 ,31,NE,Nebraska,1779792
106,3457,Wichita Eisenhower National Airport,Wichita,United States,ICT,KICT,37.649899,-97.433098,1333.0,-6,A,America/Chicago,airport,OurAirports,98,ICT,Wichita Dwight D Eisenhower National,Wichita,KS,396.78,473.72," 37,538 ",20,KS,Kansas,481813
107,3497,Garden City Regional Airport,Garden City,United States,GCK,KGCK,37.92750168,-100.723999,2891.0,-6,A,America/Chicago,airport,OurAirports,279,GCK,Garden City Regional,Garden City,KS,463.66,553.58," 1,657 ",20,KS,Kansas,481813
108,,Manhattan Regional Airport,Manhattan,United States,MHK,KMHK,39.14099884,-96.67079926,1057.0,-6,A,America/Chicago,airport,OurAirports,242,MHK,Manhattan Regional,Manhattan/Ft. Riley,KS,501.91,599.24," 3,513 ",20,KS,Kansas,481813
109,4341,Liberal Mid-America Regional Airport,Liberal,United States,LBL,KLBL,37.0442009,-100.9599991,2885.0,-6,A,America/Chicago,airport,OurAirports,355,LBL,Liberal Mid-America Regional,Liberal,KS,478.72,571.56, 325 ,20,KS,Kansas,481813
110,5733,Dodge City Regional Airport,Dodge City,United States,DDC,KDDC,37.76340103,-99.96559906,2594.0,-6,A,America/Chicago,airport,OurAirports,346,DDC,Dodge City Regional,Dodge City,KS,496.41,592.67, 474 ,20,KS,Kansas,481813
111,5771,Salina Municipal Airport,Salina,United States,SLN,KSLN,38.79100037,-97.65219879,1288.0,-6,A,America/Chicago,airport,OurAirports,317,SLN,Salina Regional,Salina,KS,562.6,671.7, 893 ,20,KS,Kansas,481813
112,14,Hays Regional Airport,Hays,United States,HYS,KHYS,38.84220123,-99.27320099,1999.0,-6,A,America/Chicago,airport,OurAirports,338,HYS,Hays Regional,Hays,KS,530.09,632.89, 597 ,20,KS,Kansas,481813
113,3458,Kansas City International Airport,Kansas City,United States,MCI,KMCI,39.2976,-94.713898,1026.0,-6,A,America/Chicago,airport,OurAirports,36,MCI,Kansas City International,Kansas City,MO,349.52,417.3," 207,664 ",29,MO,Missouri,1779791
114,3665,Waynesville-St. Robert Regional Forney field,Fort Leonardwood,United States,TBN,KTBN,37.74160004,-92.14070129,1159.0,-6,A,America/Chicago,airport,OurAirports,356,TBN,Waynesville-St. Robert Regional Forney Field,Fort Leonard Wood,MO,440.88,526.38, 309 ,29,MO,Missouri,1779791
115,3678,St Louis Lambert International Airport,St. Louis,United States,STL,KSTL,38.748697,-90.370003,618.0,-6,A,America/Chicago,airport,OurAirports,33,STL,St Louis Lambert International,St. Louis,MO,365.23,436.06," 227,117 ",29,MO,Missouri,1779791
116,3719,Columbia Regional Airport,Columbia,United States,COU,KCOU,38.81809998,-92.21959686,889.0,-6,A,America/Chicago,airport,OurAirports,222,COU,Columbia Regional,Columbia,MO,477.47,570.07," 4,701 ",29,MO,Missouri,1779791
117,4348,Springfield Branson National Airport,Springfield,United States,SGF,KSGF,37.24570084,-93.38860321,1268.0,-6,A,America/Chicago,airport,OurAirports,118,SGF,Springfield-Branson National,Springfield,MO,447.73,534.56," 26,473 ",29,MO,Missouri,1779791
118,4354,Joplin Regional Airport,Joplin,United States,JLN,KJLN,37.15179825,-94.49829865,981.0,-6,A,America/Chicago,airport,OurAirports,297,JLN,Joplin Regional,Joplin,MO,485.12,579.2," 1,300 ",29,MO,Missouri,1779791
119,5728,Cape Girardeau Regional Airport,Cape Girardeau,United States,CGI,KCGI,37.22529984,-89.57080078,342.0,-6,A,America/Chicago,airport,OurAirports,348,CGI,Cape Girardeau Regional,Cape Girardeau,MO,448.63,535.64, 458 ,29,MO,Missouri,1779791
120,5744,Kirksville Regional Airport,Kirksville,United States,IRK,KIRK,40.09349823,-92.54489899,966.0,-6,A,America/Chicago,airport,OurAirports,377,IRK,Kirksville Regional,Kirksville,MO,393.24,469.5, 73 ,29,MO,Missouri,1779791
121,3459,Dane County Regional Truax Field,Madison,United States,MSN,KMSN,43.13990021,-89.33750153,887.0,-6,A,America/Chicago,airport,OurAirports,93,MSN,Dane County Regional-Truax Field,Madison,WI,483.77,577.58," 42,256 ",55,WI,Wisconsin,1779806
122,3653,Austin Straubel International Airport,Green Bay,United States,GRB,KGRB,44.48509979,-88.12960052,695.0,-6,A,America/Chicago,airport,OurAirports,152,GRB,Green Bay Austin Straubel International,Green Bay,WI,595.42,710.88," 15,022 ",55,WI,Wisconsin,1779806
123,3717,General Mitchell International Airport,Milwaukee,United States,MKE,KMKE,42.94720078,-87.89659882,723.0,-6,A,America/Chicago,airport,OurAirports,52,MKE,General Mitchell International,Milwaukee,WI,337.54,403.0," 131,320 ",55,WI,Wisconsin,1779806
124,44,La Crosse Municipal Airport,La Crosse,United States,LSE,KLSE,43.879002,-91.256699,655.0,-6,A,America/Chicago,airport,OurAirports,210,LSE,La Crosse Regional,La Crosse,WI,521.51,622.64," 5,497 ",55,WI,Wisconsin,1779806
125,45,Central Wisconsin Airport,Wassau,United States,CWA,KCWA,44.77759933,-89.66680145,1277.0,-6,A,America/Chicago,airport,OurAirports,207,CWA,Central Wisconsin,Mosinee,WI,579.47,691.85," 5,754 ",55,WI,Wisconsin,1779806
126,47,Appleton International Airport,Appleton,United States,ATW,KATW,44.2580986,-88.51909637,918.0,-6,A,America/Chicago,airport,OurAirports,128,ATW,Appleton International,Appleton,WI,476.26,568.62," 22,839 ",55,WI,Wisconsin,1779806
127,5735,Chippewa Valley Regional Airport,Eau Claire,United States,EAU,KEAU,44.86579895,-91.48429871,913.0,-6,A,America/Chicago,airport,OurAirports,307,EAU,Chippewa Valley Regional,Eau Claire,WI,435.33,519.75," 1,060 ",55,WI,Wisconsin,1779806
128,5765,Rhinelander Oneida County Airport,Rhinelander,United States,RHI,KRHI,45.63119888,-89.46749878,1624.0,-6,A,America/Chicago,airport,OurAirports,294,RHI,Rhinelander/Oneida County,Rhinelander,WI,580.56,693.15," 1,337 ",55,WI,Wisconsin,1779806
129,3463,Bangor International Airport,Bangor,United States,BGR,KBGR,44.80739975,-68.82810211,192.0,-5,A,America/New_York,airport,OurAirports,155,BGR,Bangor International,Bangor,ME,403.29,481.5," 14,645 ",23,ME,Maine,1779787
130,3528,Northern Maine Regional Airport at Presque Isle,Presque Isle,United States,PQI,KPQI,46.68899918,-68.0447998,534.0,-5,A,America/New_York,airport,OurAirports,341,PQI,Presque Isle International,Presque Isle/Houlton,ME,492.31,587.79, 571 ,23,ME,Maine,1779787
131,31,Augusta State Airport,Augusta,United States,AUG,KAUG,44.3205986,-69.79730225,352.0,-5,A,America/New_York,airport,OurAirports,371,AUG,Augusta State,Augusta/Waterville,ME,367.63,438.93, 93 ,23,ME,Maine,1779787
132,3862,Portland International Jetport Airport,Portland,United States,PWM,KPWM,43.64619827,-70.30930328,76.0,-5,A,America/New_York,airport,OurAirports,92,PWM,Portland International Jetport,Portland,ME,394.87,471.45," 43,040 ",23,ME,Maine,1779787
133,25,Hancock County-Bar Harbor Airport,Bar Harbor,United States,BHB,KBHB,44.45000076,-68.3615036,83.0,-5,A,America/New_York,airport,OurAirports,368,BHB,Hancock County-Bar Harbor,Bar Harbor,ME,443.38,529.36, 107 ,23,ME,Maine,1779787
134,26,Knox County Regional Airport,Rockland,United States,RKD,KRKD,44.06010056,-69.09919739,56.0,-5,A,America/New_York,airport,OurAirports,373,RKD,Knox County Regional,Rockland,ME,401.97,479.92, 88 ,23,ME,Maine,1779787
135,3465,East Texas Regional Airport,Longview,United States,GGG,KGGG,32.38399887,-94.71150208,365.0,-6,A,America/Chicago,airport,OurAirports,287,GGG,East Texas Regional,Longview,TX,432.21,516.03," 1,477 ",48,TX,Texas,1779801
136,32,Dallas Love Field,Dallas,United States,DAL,KDAL,32.847099,-96.851799,487.0,-6,A,America/Chicago,airport,OurAirports,35,DAL,Dallas Love Field,Dallas-Love Field,TX,289.2,345.28," 213,582 ",48,TX,Texas,1779801
137,35,George Bush Intercontinental Houston Airport,Houston,United States,IAH,KIAH,29.9843998,-95.34140015,97.0,-6,A,America/Chicago,airport,OurAirports,18,IAH,George Bush Intercontinental/Houston,Houston-Intercontinental,TX,409.08,488.41," 425,283 ",48,TX,Texas,1779801
138,3559,El Paso International Airport,El Paso,United States,ELP,KELP,31.80719948,-106.3779984,3959.0,-7,A,America/Denver,airport,OurAirports,70,ELP,El Paso International,El Paso,TX,387.42,462.55," 83,186 ",48,TX,Texas,1779801
139,35,Valley International Airport,Harlingen,United States,HRL,KHRL,26.22850037,-97.65440369,36.0,-6,A,America/Chicago,airport,OurAirports,144,HRL,Valley International,Harlingen/San Benito,TX,368.82,440.35," 16,866 ",48,TX,Texas,1779801
140,3566,William P Hobby Airport,Houston,United States,HOU,KHOU,29.64539909,-95.27890015,46.0,-6,A,America/Chicago,airport,OurAirports,48,HOU,William P Hobby,Houston-Hobby,TX,329.4,393.28," 173,112 ",48,TX,Texas,1779801
141,3612,Southeast Texas Regional Airport,Beaumont,United States,BPT,KBPT,29.95079994,-94.02069855,15.0,-6,A,America/Chicago,airport,OurAirports,292,BPT,Jack Brooks Regional,Beaumont/Port Arthur,TX,436.2,520.79," 1,357 ",48,TX,Texas,1779801
142,3621,San Antonio International Airport,San Antonio,United States,SAT,KSAT,29.53370094,-98.46980286,809.0,-6,A,America/Chicago,airport,OurAirports,47,SAT,San Antonio International,San Antonio,TX,374.44,447.06," 180,661 ",48,TX,Texas,1779801
143,3652,Midland International Airport,Midland,United States,MAF,KMAF,31.94249916,-102.2020035,2871.0,-6,A,America/Chicago,airport,OurAirports,116,MAF,Midland International Air and Space Port,Midland/Odessa,TX,459.71,548.85," 27,625 ",48,TX,Texas,1779801
144,36,Dallas Fort Worth International Airport,Dallas-Fort Worth,United States,DFW,KDFW,32.896801,-97.038002,607.0,-6,A,America/Chicago,airport,OurAirports,7,DFW,Dallas/Fort Worth International,Dallas-DFW,TX,362.79,433.14," 631,155 ",48,TX,Texas,1779801
145,3673,Austin Bergstrom International Airport,Austin,United States,AUS,KAUS,30.19449997,-97.66989899,542.0,-6,A,America/Chicago,airport,OurAirports,24,AUS,Austin - Bergstrom International,Austin,TX,354.14,422.82," 322,913 ",48,TX,Texas,1779801
146,36,Sheppard Air Force Base-Wichita Falls Municipal Airport,Wichita Falls,United States,SPS,KSPS,33.9888,-98.491898,1019.0,-6,A,America/Chicago,airport,OurAirports,270,SPS,Sheppard AFB/Wichita Falls Municipal,Wichita Falls,TX,436.58,521.25," 2,126 ",48,TX,Texas,1779801
147,3691,Laredo International Airport,Laredo,United States,LRD,KLRD,27.54380035,-99.46160126,508.0,-6,A,America/Chicago,airport,OurAirports,205,LRD,Laredo International,Laredo,TX,439.12,524.28," 5,865 ",48,TX,Texas,1779801
148,30,Waco Regional Airport,Waco,United States,ACT,KACT,31.61129951,-97.23049927,516.0,-6,A,America/Chicago,airport,OurAirports,260,ACT,Waco Regional,Waco,TX,514.3,614.03," 2,483 ",48,TX,Texas,1779801
149,38,San Angelo Regional Mathis Field,San Angelo,United States,SJT,KSJT,31.35770035,-100.4960022,1919.0,-6,A,America/Chicago,airport,OurAirports,244,SJT,San Angelo Regional/Mathis Field,San Angelo,TX,524.37,626.06," 3,427 ",48,TX,Texas,1779801
150,3715,Easterwood Field,College Station,United States,CLL,KCLL,30.58860016,-96.36380005,320.0,-6,A,America/Chicago,airport,OurAirports,241,CLL,Easterwood Field,College Station/Bryan,TX,549.05,655.53," 3,608 ",48,TX,Texas,1779801
151,3718,Abilene Regional Airport,Abilene,United States,ABI,KABI,32.41130066,-99.68190002,1791.0,-6,A,America/Chicago,airport,OurAirports,228,ABI,Abilene Regional,Abilene,TX,496.8,593.14," 4,199 ",48,TX,Texas,1779801
152,3738,Brownsville South Padre Island International Airport,Brownsville,United States,BRO,KBRO,25.90679932,-97.42590332,22.0,-6,A,America/Chicago,airport,OurAirports,203,BRO,Brownsville South Padre Island International,Brownsville,TX,471.39,562.8," 6,127 ",48,TX,Texas,1779801
153,3744,Corpus Christi International Airport,Corpus Christi,United States,CRP,KCRP,27.77039909,-97.50119781,44.0,-6,A,America/Chicago,airport,OurAirports,150,CRP,Corpus Christi International,Corpus Christi,TX,445.81,532.26," 15,672 ",48,TX,Texas,1779801
154,3775,Robert Gray  Army Air Field Airport,Killeen,United States,GRK,KGRK,31.06719971,-97.8289032,1015.0,-6,A,America/Chicago,airport,OurAirports,187,GRK,Robert Gray AAF,Killeen,TX,485.71,579.91," 8,517 ",48,TX,Texas,1779801
155,3826,Mc Allen Miller International Airport,Mcallen,United States,MFE,KMFE,26.17580032,-98.23860168,107.0,-6,A,America/Chicago,airport,OurAirports,111,MFE,McAllen Miller International,Mission/McAllen/Edinburg,TX,472.61,564.26," 29,251 ",48,TX,Texas,1779801
156,3829,Lubbock Preston Smith International Airport,Lubbock,United States,LBB,KLBB,33.663601,-101.822998,3282.0,-6,A,America/Chicago,airport,OurAirports,131,LBB,Lubbock Preston Smith International,Lubbock,TX,414.81,495.25," 21,979 ",48,TX,Texas,1779801
157,38,Rick Husband Amarillo International Airport,Amarillo,United States,AMA,KAMA,35.219398,-101.706001,3607.0,-6,A,America/Chicago,airport,OurAirports,149,AMA,Rick Husband Amarillo International,Amarillo,TX,423.6,505.75," 15,963 ",48,TX,Texas,1779801
158,3848,Tyler Pounds Regional Airport,Tyler,United States,TYR,KTYR,32.35409927,-95.40239716,544.0,-6,A,America/Chicago,airport,OurAirports,261,TYR,Tyler Pounds Regional,Tyler,TX,546.18,652.1," 2,461 ",48,TX,Texas,1779801
159,3467,Spokane International Airport,Spokane,United States,GEG,KGEG,47.61989975,-117.5339966,2376.0,-8,A,America/Los_Angeles,airport,OurAirports,67,GEG,Spokane International,Spokane,WA,349.83,417.67," 86,252 ",53,WA,Washington,1779804
160,3577,Seattle Tacoma International Airport,Seattle,United States,SEA,KSEA,47.449001,-122.308998,433.0,-8,A,America/Los_Angeles,airport,OurAirports,6,SEA,Seattle/Tacoma International,Seattle,WA,335.44,400.5," 647,461 ",53,WA,Washington,1779804
161,3777,Bellingham International Airport,Bellingham,United States,BLI,KBLI,48.7928009,-122.538002,170.0,-8,A,America/Los_Angeles,airport,OurAirports,181,BLI,Bellingham International,Bellingham,WA,246.32,294.09," 9,292 ",53,WA,Washington,1779804
162,3944,Pullman Moscow Regional Airport,Pullman,United States,PUW,KPUW,46.7439,-117.110001,2556.0,-8,A,America/Los_Angeles,airport,OurAirports,250,PUW,Pullman Moscow Regional,Pullman,WA,379.98,453.67," 2,983 ",53,WA,Washington,1779804
163,5719,Walla Walla Regional Airport,Walla Walla,United States,ALW,KALW,46.09489822,-118.288002,1194.0,-8,A,America/Los_Angeles,airport,OurAirports,267,ALW,Walla Walla Regional,Walla Walla,WA,353.14,421.62," 2,204 ",53,WA,Washington,1779804
164,5779,Yakima Air Terminal McAllister Field,Yakima,United States,YKM,KYKM,46.56819916,-120.5439987,1099.0,-8,A,America/Los_Angeles,airport,OurAirports,251,YKM,Yakima Air Terminal/McAllister Field,Yakima,WA,412.22,492.16," 2,852 ",53,WA,Washington,1779804
165,6133,Tri Cities Airport,Pasco,United States,PSC,KPSC,46.26470184,-119.1190033,410.0,-8,A,America/Los_Angeles,airport,OurAirports,133,PSC,Tri Cities,Pasco/Kennewick/Richland,WA,401.64,479.53," 21,441 ",53,WA,Washington,1779804
166,6916,Pangborn Memorial Airport,Wenatchee,United States,EAT,KEAT,47.39889908,-120.2070007,1249.0,-8,A,America/Los_Angeles,airport,OurAirports,253,EAT,Pangborn Memorial,Wenatchee,WA,367.32,438.55," 2,816 ",53,WA,Washington,1779804
167,3472,Gainesville Regional Airport,Gainesville,United States,GNV,KGNV,29.69009972,-82.27179718,152.0,-5,A,America/New_York,airport,OurAirports,168,GNV,Gainesville Regional,Gainesville,FL,469.31,560.32," 12,222 ",12,FL,Florida,294478
168,3533,Fort Lauderdale Hollywood International Airport,Fort Lauderdale,United States,FLL,KFLL,26.072599,-80.152702,9.0,-5,A,America/New_York,airport,OurAirports,17,FLL,Fort Lauderdale-Hollywood International,Fort Lauderdale,FL,236.41,282.26," 425,537 ",12,FL,Florida,294478
169,3564,Pensacola Regional Airport,Pensacola,United States,PNS,KPNS,30.47340012,-87.18659973,121.0,-6,A,America/Chicago,airport,OurAirports,82,PNS,Pensacola International,Pensacola,FL,444.38,530.56," 54,946 ",12,FL,Florida,294478
170,3576,Miami International Airport,Miami,United States,MIA,KMIA,25.79319954,-80.29060364,8.0,-5,A,America/New_York,airport,OurAirports,22,MIA,Miami International,Miami,FL,305.4,364.62," 367,731 ",12,FL,Florida,294478
171,3617,St Petersburg Clearwater International Airport,St. Petersburg,United States,PIE,KPIE,27.91020012,-82.68740082,11.0,-5,A,America/New_York,airport,OurAirports,97,PIE,St Pete Clearwater International,St. Petersburg,FL,122.72,146.52," 37,944 ",12,FL,Florida,294478
172,3646,Tampa International Airport,Tampa,United States,TPA,KTPA,27.97550011,-82.53320313,26.0,-5,A,America/New_York,airport,OurAirports,21,TPA,Tampa International,Tampa,FL,310.53,370.75," 369,882 ",12,FL,Florida,294478
173,3671,Melbourne International Airport,Melbourne,United States,MLB,KMLB,28.10280037,-80.64530182,33.0,-5,A,America/New_York,airport,OurAirports,183,MLB,Melbourne Orlando International,Melbourne,FL,397.9,475.06," 9,185 ",12,FL,Florida,294478
174,3698,Tallahassee Regional Airport,Tallahassee,United States,TLH,KTLH,30.39649963,-84.35030365,81.0,-5,A,America/New_York,airport,OurAirports,141,TLH,Tallahassee International,Tallahassee,FL,564.96,674.52," 17,768 ",12,FL,Florida,294478
175,3712,Jacksonville International Airport,Jacksonville,United States,JAX,KJAX,30.49410057,-81.68789673,30.0,-5,A,America/New_York,airport,OurAirports,53,JAX,Jacksonville International,Jacksonville,FL,384.2,458.7," 129,900 ",12,FL,Florida,294478
176,3722,Palm Beach International Airport,West Palm Beach,United States,PBI,KPBI,26.68320084,-80.09559631,19.0,-5,A,America/New_York,airport,OurAirports,55,PBI,Palm Beach International,West Palm Beach/Palm Beach,FL,322.88,385.5," 120,424 ",12,FL,Florida,294478
177,3793,Southwest Florida International Airport,Fort Myers,United States,RSW,KRSW,26.53619957,-81.75520325,30.0,-5,A,America/New_York,airport,OurAirports,50,RSW,Southwest Florida International,Fort Myers,FL,312.52,373.12," 164,832 ",12,FL,Florida,294478
178,3873,Destin-Ft Walton Beach Airport,Valparaiso,United States,VPS,KVPS,30.4832,-86.525398,87.0,-6,A,America/Chicago,airport,OurAirports,107,VPS,Eglin AFB Destin Fort Walton Beach,Valparaiso,FL,419.56,500.92," 31,183 ",12,FL,Florida,294478
179,3875,Key West International Airport,Key West,United States,EYW,KEYW,24.55610085,-81.75959778,3.0,-5,A,America/New_York,airport,OurAirports,142,EYW,Key West International,Key West,FL,445.96,532.45," 17,045 ",12,FL,Florida,294478
180,3878,Orlando International Airport,Orlando,United States,MCO,KMCO,28.42939949,-81.30899811,96.0,-5,A,America/New_York,airport,OurAirports,9,MCO,Orlando International,Orlando,FL,249.33,297.68," 585,781 ",12,FL,Florida,294478
181,39,Daytona Beach International Airport,Daytona Beach,United States,DAB,KDAB,29.179899,-81.058098,34.0,-5,A,America/New_York,airport,OurAirports,160,DAB,Daytona Beach International,Daytona Beach,FL,368.64,440.13," 13,300 ",12,FL,Florida,294478
182,67,Sarasota Bradenton International Airport,Sarasota,United States,SRQ,KSRQ,27.39539909,-82.55439758,30.0,-5,A,America/New_York,airport,OurAirports,78,SRQ,Sarasota/Bradenton International,Sarasota/Bradenton,FL,417.63,498.62," 62,011 ",12,FL,Florida,294478
183,4167,Orlando Sanford International Airport,Sanford,United States,SFB,KSFB,28.77759933,-81.23750305,55.0,-5,A,America/New_York,airport,OurAirports,95,SFB,Orlando Sanford International,Sanford,FL,119.95,143.21," 39,522 ",12,FL,Florida,294478
184,6989,Northeast Florida Regional Airport,St. Augustine Airport,United States,UST,KSGJ,29.9592,-81.339798,10.0,-5,A,America/New_York,airport,OurAirports,410,UST,Northeast Florida Regional,St. Augustine,FL,131.95,157.54, -   ,12,FL,Florida,294478
185,56,Charlotte County Airport,Punta Gorda,United States,PGD,KPGD,26.92020035,-81.9905014,26.0,-5,A,America/New_York,airport,OurAirports,112,PGD,Punta Gorda Airport,Punta Gorda,FL,123.68,147.66," 28,272 ",12,FL,Florida,294478
186,7669,Northwest Florida Beaches International Airport,Panama City,United States,ECP,KECP,30.357106,-85.795414,69.0,-6,A,America/Chicago,airport,OurAirports,117,ECP,Northwest Florida Beaches International,Panama City,FL,446.67,533.29," 26,867 ",12,FL,Florida,294478
187,3473,Memphis International Airport,Memphis,United States,MEM,KMEM,35.04240036,-89.97669983,341.0,-6,A,America/Chicago,airport,OurAirports,57,MEM,Memphis International,Memphis,TN,391.95,467.96," 106,166 ",47,TN,Tennessee,1325873
188,3578,Lovell Field,Chattanooga,United States,CHA,KCHA,35.03530121,-85.20379639,683.0,-5,A,America/New_York,airport,OurAirports,130,CHA,Lovell Field,Chattanooga,TN,406.9,485.81," 22,081 ",47,TN,Tennessee,1325873
189,3676,McGhee Tyson Airport,Knoxville,United States,TYS,KTYS,35.81100082,-83.9940033,981.0,-5,A,America/New_York,airport,OurAirports,85,TYS,McGhee Tyson,Knoxville,TN,453.56,541.52," 49,200 ",47,TN,Tennessee,1325873
190,36,Nashville International Airport,Nashville,United States,BNA,KBNA,36.12450027,-86.67819977,599.0,-6,A,America/Chicago,airport,OurAirports,29,BNA,Nashville International,Nashville,TN,357.81,427.2," 290,447 ",47,TN,Tennessee,1325873
191,4116,Tri-Cities Regional TN/VA Airport,BRISTOL,United States,TRI,KTRI,36.475201,-82.407401,1519.0,-5,A,America/New_York,airport,OurAirports,185,TRI,Tri Cities,Bristol/Johnson City/Kingsport,TN,555.09,662.74," 8,897 ",47,TN,Tennessee,1325873
192,3486,Cleveland Hopkins International Airport,Cleveland,United States,CLE,KCLE,41.4117012,-81.84980011,791.0,-5,A,America/New_York,airport,OurAirports,39,CLE,Cleveland-Hopkins International,Cleveland,OH,317.22,378.74," 199,421 ",39,OH,Ohio,1085497
193,3488,Cincinnati Northern Kentucky International Airport,Cincinnati,United States,CVG,KCVG,39.04880142,-84.6678009,896.0,-5,A,America/New_York,airport,OurAirports,44,CVG,Cincinnati/Northern Kentucky International,Cincinnati,OH,335.72,400.82," 183,219 ",39,OH,Ohio,1085497
194,3627,James M Cox Dayton International Airport,Dayton,United States,DAY,KDAY,39.90240097,-84.2193985,1009.0,-5,A,America/New_York,airport,OurAirports,109,DAY,James M Cox/Dayton International,Dayton,OH,398.52,475.8," 30,855 ",39,OH,Ohio,1085497
195,3674,Rickenbacker International Airport,Columbus,United States,LCK,KLCK,39.813801,-82.927803,744.0,-5,A,America/New_York,airport,OurAirports,174,LCK,Rickenbacker International,Columbus,OH,122.92,146.76," 10,329 ",39,OH,Ohio,1085497
196,3759,John Glenn Columbus International Airport,Columbus,United States,CMH,KCMH,39.998001,-82.891899,815.0,-5,A,America/New_York,airport,OurAirports,49,CMH,John Glenn Columbus International,Columbus,OH,366.22,437.24," 167,522 ",39,OH,Ohio,1085497
197,3881,Youngstown Warren Regional Airport,Youngstown,United States,YNG,KYNG,41.26070023,-80.67910004,1192.0,-5,A,America/New_York,airport,OurAirports,410,YNG,Youngstown-Warren Regional,Youngstown/Warren,OH,112.15,133.89, -   ,39,OH,Ohio,1085497
198,,Toledo Express Airport,Toledo,United States,TOL,KTOL,41.58679962,-83.80780029,683.0,-5,A,America/New_York,airport,OurAirports,209,TOL,Eugene F Kranz Toledo Express,Toledo,OH,248.23,296.37," 5,563 ",39,OH,Ohio,1085497
199,4112,Akron Canton Regional Airport,Akron,United States,CAK,KCAK,40.91609955,-81.44219971,1228.0,-5,A,America/New_York,airport,OurAirports,165,CAK,Akron-Canton Regional,Akron,OH,314.0,374.9," 12,492 ",39,OH,Ohio,1085497
200,3493,Lafayette Regional Airport,Lafayette,United States,LFT,KLFT,30.20529938,-91.98760223,42.0,-6,A,America/Chicago,airport,OurAirports,162,LFT,Lafayette Regional Paul Fournet Field,Lafayette,LA,557.8,665.98," 13,002 ",22,LA,Louisiana,1629543
201,3513,Lake Charles Regional Airport,Lake Charles,United States,LCH,KLCH,30.12610054,-93.22329712,15.0,-6,A,America/Chicago,airport,OurAirports,247,LCH,Lake Charles Regional,Lake Charles,LA,605.37,722.77," 3,278 ",22,LA,Louisiana,1629543
202,39,Shreveport Regional Airport,Shreveport,United States,SHV,KSHV,32.446602,-93.8256,258.0,-6,A,America/Chicago,airport,OurAirports,156,SHV,Shreveport Regional,Shreveport,LA,524.04,625.67," 14,381 ",22,LA,Louisiana,1629543
203,3732,Monroe Regional Airport,Monroe,United States,MLU,KMLU,32.51089859,-92.03769684,79.0,-6,A,America/Chicago,airport,OurAirports,220,MLU,Monroe Regional,Monroe,LA,582.16,695.06," 4,860 ",22,LA,Louisiana,1629543
204,3846,Baton Rouge Metropolitan Airport,Baton Rouge,United States,BTR,KBTR,30.533199,-91.149597,70.0,-6,A,America/Chicago,airport,OurAirports,147,BTR,Baton Rouge Metropolitan/Ryan Field,Baton Rouge,LA,464.52,554.6," 16,605 ",22,LA,Louisiana,1629543
205,3852,Alexandria International Airport,Alexandria,United States,AEX,KAEX,31.32740021,-92.54979706,89.0,-6,A,America/Chicago,airport,OurAirports,206,AEX,Alexandria International,Alexandria,LA,555.42,663.13," 5,806 ",22,LA,Louisiana,1629543
206,3861,Louis Armstrong New Orleans International Airport,New Orleans,United States,MSY,KMSY,29.99340057,-90.25800323,4.0,-6,A,America/Chicago,airport,OurAirports,42,MSY,Louis Armstrong New Orleans International,New Orleans,LA,300.7,359.02," 188,154 ",22,LA,Louisiana,1629543
207,3495,Boise Air Terminal/Gowen Field,Boise,United States,BOI,KBOI,43.5644,-116.223,2871.0,-7,A,America/Denver,airport,OurAirports,59,BOI,Boise Air Terminal,Boise,ID,343.18,409.74," 97,566 ",16,ID,Idaho,1779783
208,3945,Lewiston Nez Perce County Airport,Lewiston,United States,LWS,KLWS,46.37450027,-117.0149994,1442.0,-8,A,America/Los_Angeles,airport,OurAirports,275,LWS,Lewiston Nez Perce County,Lewiston,ID,425.07,507.51," 1,877 ",16,ID,Idaho,1779783
209,40,Idaho Falls Regional Airport,Idaho Falls,United States,IDA,KIDA,43.514599,-112.070999,4744.0,-7,A,America/Denver,airport,OurAirports,171,IDA,Idaho Falls Regional,Idaho Falls,ID,512.03,611.33," 11,705 ",16,ID,Idaho,1779783
210,4263,Joslin Field Magic Valley Regional Airport,Twin Falls,United States,TWF,KTWF,42.4818,-114.487999,4154.0,-7,A,America/Denver,airport,OurAirports,269,TWF,Joslin Field - Magic Valley Regional,Twin Falls,ID,559.6,668.12," 2,184 ",16,ID,Idaho,1779783
211,57,Pocatello Regional Airport,Pocatello,United States,PIH,KPIH,42.90980148,-112.5960007,4452.0,-7,A,America/Denver,airport,OurAirports,288,PIH,Pocatello Regional,Pocatello,ID,559.04,667.46," 1,459 ",16,ID,Idaho,1779783
212,6494,Friedman Memorial Airport,Hailey,United States,SUN,KSUN,43.50439835,-114.2959976,5318.0,-7,A,America/Denver,airport,OurAirports,239,SUN,Friedman Memorial,Sun Valley/Hailey/Ketchum,ID,456.01,544.44," 3,753 ",16,ID,Idaho,1779783
213,34,Helena Regional Airport,Helena,United States,HLN,KHLN,46.60680008,-111.9830017,3877.0,-7,A,America/Denver,airport,OurAirports,238,HLN,Helena Regional,Helena,MT,530.89,633.84," 3,759 ",30,MT,Montana,767982
214,34,Havre City County Airport,Havre,United States,HVR,KHVR,48.54299927,-109.762001,2591.0,-7,A,America/Denver,airport,OurAirports,400,HVR,Havre City-County,Havre,MT,582.54,695.51, 16 ,30,MT,Montana,767982
215,38,Great Falls International Airport,Great Falls,United States,GTF,KGTF,47.48199844,-111.3710022,3680.0,-7,A,America/Denver,airport,OurAirports,191,GTF,Great Falls International,Great Falls,MT,415.64,496.24," 7,637 ",30,MT,Montana,767982
216,,Gallatin Field,Bozeman,United States,BZN,KBZN,45.77750015,-111.1529999,4473.0,-7,A,America/Denver,airport,OurAirports,94,BZN,Bozeman Yellowstone International,Bozeman,MT,457.93,546.73," 39,718 ",30,MT,Montana,767982
217,21,Billings Logan International Airport,Billings,United States,BIL,KBIL,45.80770111,-108.5429993,3652.0,-7,A,America/Denver,airport,OurAirports,136,BIL,Billings Logan International,Billings,MT,460.14,549.38," 19,384 ",30,MT,Montana,767982
218,22,Bert Mooney Airport,Butte,United States,BTM,KBTM,45.95479965,-112.4970016,5550.0,-7,A,America/Denver,airport,OurAirports,313,BTM,Bert Mooney,Butte,MT,514.99,614.87, 924 ,30,MT,Montana,767982
219,4127,Glacier Park International Airport,Kalispell,United States,FCA,KGPI,48.3105011,-114.2559967,2977.0,-7,A,America/Denver,airport,OurAirports,143,FCA,Glacier Park International,Kalispell,MT,443.91,529.99," 16,984 ",30,MT,Montana,767982
220,4216,Missoula International Airport,Missoula,United States,MSO,KMSO,46.91630173,-114.0910034,3206.0,-7,A,America/Denver,airport,OurAirports,137,MSO,Missoula Montana,Missoula,MT,416.22,496.94," 19,023 ",30,MT,Montana,767982
221,5739,Wokal Field Glasgow International Airport,Glasgow,United States,GGW,KGGW,48.212502,-106.614998,2296.0,-7,A,America/Denver,airport,OurAirports,401,GGW,Wokal Field Glasgow Valley County,Glasgow,MT,526.36,628.43, 13 ,30,MT,Montana,767982
222,65,Sidney - Richland Regional Airport,Sidney,United States,SDY,KSDY,47.706902,-104.193001,1985.0,-7,A,America/Denver,airport,OurAirports,387,SDY,Sidney Richland Regional,Sidney,MT,518.07,618.54, 47 ,30,MT,Montana,767982
223,,Dawson Community Airport,Glendive,United States,GDV,KGDV,47.13869858,-104.8069992,2458.0,-7,A,America/Denver,airport,OurAirports,403,GDV,Dawson Community,Glendive,MT,735.57,878.22, 10 ,30,MT,Montana,767982
224,71,L M Clayton Airport,Wolf Point,United States,OLF,KOLF,48.0945015,-105.5749969,1986.0,-7,A,America/Denver,airport,OurAirports,408,OLF,L. M. Clayton,Wolf Point,MT,610.18,728.51, 1 ,30,MT,Montana,767982
225,72,Yellowstone Airport,West Yellowstone,United States,WYS,KWYS,44.68840027,-111.1179962,6649.0,-7,A,America/Denver,airport,OurAirports,354,WYS,Yellowstone,West Yellowstone,MT,385.05,459.73, 340 ,30,MT,Montana,767982
226,3515,Myrtle Beach International Airport,Myrtle Beach,United States,MYR,KMYR,33.67969894,-78.92829895,25.0,-5,A,America/New_York,airport,OurAirports,91,MYR,Myrtle Beach International,Myrtle Beach,SC,266.11,317.71," 44,035 ",45,SC,South Carolina,1779799
227,3561,Columbia Metropolitan Airport,Columbia,United States,CAE,KCAE,33.93880081,-81.11949921,236.0,-5,A,America/New_York,airport,OurAirports,125,CAE,Columbia Metropolitan,Columbia,SC,486.87,581.28," 24,128 ",45,SC,South Carolina,1779799
228,36,Charleston Air Force Base-International Airport,Charleston,United States,CHS,KCHS,32.89860153,-80.04049683,46.0,-5,A,America/New_York,airport,OurAirports,62,CHS,Charleston AFB/International,Charleston,SC,371.74,443.83," 92,905 ",45,SC,South Carolina,1779799
229,3879,Florence Regional Airport,Florence,United States,FLO,KFLO,34.1853981,-79.72389984,146.0,-5,A,America/New_York,airport,OurAirports,290,FLO,Florence Regional,Florence,SC,445.57,531.98," 1,406 ",45,SC,South Carolina,1779799
230,34,Greenville Spartanburg International Airport,Greenville,United States,GSP,KGSP,34.89569855,-82.21890259,964.0,-5,A,America/New_York,airport,OurAirports,86,GSP,Greenville-Spartanburg International,Greer,SC,415.77,496.4," 49,148 ",45,SC,South Carolina,1779799
231,8314,Hilton Head Airport,Hilton Head Island,United States,HHH,KHXD,32.22439957,-80.69750214,19.0,-5,A,America/New_York,airport,OurAirports,201,HHH,Hilton Head Airport,Hilton Head,SC,497.7,594.22," 6,408 ",45,SC,South Carolina,1779799
232,35,Ronald Reagan Washington National Airport,Washington,United States,DCA,KDCA,38.8521,-77.037697,15.0,-5,A,America/New_York,airport,OurAirports,27,DCA,Ronald Reagan Washington National,Washington-Reagan National,DC,339.85,405.76," 308,850 ",11,DC,District of Columbia,1702382
233,3714,Washington Dulles International Airport,Washington,United States,IAD,KIAD,38.94449997,-77.45580292,312.0,-5,A,America/New_York,airport,OurAirports,43,IAD,Washington Dulles International,Washington-Dulles,DC,424.8,507.18," 187,452 ",11,DC,District of Columbia,1702382
234,3527,Pueblo Memorial Airport,Pueblo,United States,PUB,KPUB,38.28910065,-104.4970016,4726.0,-7,A,America/Denver,airport,OurAirports,340,PUB,Pueblo Memorial,Pueblo,CO,486.55,580.91, 584 ,8,CO,Colorado,1779779
235,3713,Durango La Plata County Airport,Durango,United States,DRO,KDRO,37.1515007,-107.7539978,6685.0,-7,A,America/Denver,airport,OurAirports,184,DRO,Durango La Plata County,Durango,CO,564.11,673.5," 9,163 ",8,CO,Colorado,1779779
236,3751,Denver International Airport,Denver,United States,DEN,KDEN,39.86169815,-104.6729965,5431.0,-7,A,America/Denver,airport,OurAirports,4,DEN,Denver International,Denver,CO,298.97,356.95," 739,773 ",8,CO,Colorado,1779779
237,3819,City of Colorado Springs Municipal Airport,Colorado Springs,United States,COS,KCOS,38.805801,-104.700996,6187.0,-7,A,America/Denver,airport,OurAirports,87,COS,City of Colorado Springs Municipal,Colorado Springs,CO,350.7,418.7," 48,798 ",8,CO,Colorado,1779779
238,63,Grand Junction Regional Airport,Grand Junction,United States,GJT,KGJT,39.12239838,-108.5270004,4858.0,-7,A,America/Denver,airport,OurAirports,161,GJT,Grand Junction Regional,Grand Junction,CO,484.47,578.43," 13,180 ",8,CO,Colorado,1779779
239,84,Telluride Regional Airport,Telluride,United States,TEX,KTEX,37.9538002,-107.9079971,9070.0,-7,A,America/Denver,airport,OurAirports,375,TEX,Telluride Regional,Telluride,CO,737.28,880.26, 81 ,8,CO,Colorado,1779779
240,42,Eagle County Regional Airport,Vail,United States,EGE,KEGE,39.64260101,-106.9179993,6548.0,-7,A,America/Denver,airport,OurAirports,211,EGE,Eagle County Regional,Eagle,CO,672.93,803.43," 5,285 ",8,CO,Colorado,1779779
241,4338,Cortez Municipal Airport,Cortez,United States,CEZ,KCEZ,37.3030014,-108.6279984,5918.0,-7,A,America/Denver,airport,OurAirports,379,CEZ,Cortez Municipal,Cortez,CO,477.81,570.47, 67 ,8,CO,Colorado,1779779
242,4339,Yampa Valley Airport,Hayden,United States,HDN,KHDN,40.48120117,-107.2180023,6606.0,-7,A,America/Denver,airport,OurAirports,223,HDN,Yampa Valley,Hayden,CO,585.86,699.47," 4,571 ",8,CO,Colorado,1779779
243,68,Montrose Regional Airport,Montrose CO,United States,MTJ,KMTJ,38.50979996,-107.8939972,5759.0,-7,A,America/Denver,airport,OurAirports,195,MTJ,Montrose Regional,Montrose/Delta,CO,577.42,689.39," 7,013 ",8,CO,Colorado,1779779
244,01,Aspen-Pitkin Co/Sardy Field,Aspen,United States,ASE,KASE,39.22320175,-106.8690033,7820.0,-7,A,America/Denver,airport,OurAirports,193,ASE,Aspen Pitkin County Sardy Field,Aspen,CO,702.58,838.82," 7,337 ",8,CO,Colorado,1779779
245,51,Gunnison Crested Butte Regional Airport,Gunnison,United States,GUC,KGUC,38.53390121,-106.9329987,7680.0,-7,A,America/Denver,airport,OurAirports,306,GUC,Gunnison-Crested Butte Regional,Gunnison,CO,588.71,702.87," 1,067 ",8,CO,Colorado,1779779
246,73,San Luis Valley Regional Bergman Field,Alamosa,United States,ALS,KALS,37.434898,-105.866997,7539.0,-7,A,America/Denver,airport,OurAirports,349,ALS,San Luis Valley Regional/Bergman Field,Alamosa,CO,456.31,544.8, 438 ,8,CO,Colorado,1779779
247,3535,Falls International Airport,International Falls,United States,INL,KINL,48.56620026,-93.40309906,1185.0,-6,A,America/Chicago,airport,OurAirports,353,INL,Falls International Einarson Field,International Falls,MN,527.22,629.46, 372 ,27,MN,Minnesota,662849
248,3598,Duluth International Airport,Duluth,United States,DLH,KDLH,46.84209824,-92.19360352,1428.0,-6,A,America/Chicago,airport,OurAirports,198,DLH,Duluth International,Duluth,MN,546.6,652.61," 6,652 ",27,MN,Minnesota,662849
249,36,Range Regional Airport,Hibbing,United States,HIB,KHIB,47.38660049,-92.83899689,1354.0,-6,A,America/Chicago,airport,OurAirports,320,HIB,Range Regional,Hibbing,MN,595.06,710.46, 837 ,27,MN,Minnesota,662849
250,3858,Minneapolis-St Paul International/Wold-Chamberlain Airport,Minneapolis,United States,MSP,KMSP,44.882,-93.221802,841.0,-6,A,America/Chicago,airport,OurAirports,14,MSP,Minneapolis-St Paul International,Minneapolis,MN,371.27,443.27," 467,902 ",27,MN,Minnesota,662849
251,48,Rochester International Airport,Rochester,United States,RST,KRST,43.90829849,-92.5,1317.0,-6,A,America/Chicago,airport,OurAirports,215,RST,Rochester International,Rochester,MN,407.56,486.6," 5,139 ",27,MN,Minnesota,662849
252,4271,St Cloud Regional Airport,Saint Cloud,United States,STC,KSTC,45.54660034,-94.05989838,1031.0,-6,A,America/Chicago,airport,OurAirports,291,STC,St. Cloud Regional,St. Cloud,MN,151.33,180.68," 1,398 ",27,MN,Minnesota,662849
253,4287,Bemidji Regional Airport,Bemidji,United States,BJI,KBJI,47.50939941,-94.93370056,1391.0,-6,A,America/Chicago,airport,OurAirports,283,BJI,Bemidji Regional,Bemidji,MN,548.73,655.14," 1,603 ",27,MN,Minnesota,662849
254,6957,Brainerd Lakes Regional Airport,Brainerd,United States,BRD,KBRD,46.39830017,-94.13809967,1232.0,-6,U,America/Chicago,airport,OurAirports,296,BRD,Brainerd Lakes Regional,Brainerd,MN,581.47,694.23," 1,315 ",27,MN,Minnesota,662849
255,18,Thief River Falls Regional Airport,Thief River Falls,United States,TVF,KTVF,48.06570053,-96.18499756,1119.0,-6,A,America/Chicago,airport,OurAirports,391,TVF,Thief River Falls Regional,Thief River Falls,MN,396.5,473.39, 41 ,27,MN,Minnesota,662849
256,3536,Salt Lake City International Airport,Salt Lake City,United States,SLC,KSLC,40.78839874,-111.9779968,4227.0,-7,A,America/Denver,airport,OurAirports,25,SLC,Salt Lake City International,Salt Lake City,UT,351.74,419.95," 321,120 ",49,UT,Utah,1455989
257,3824,Cedar City Regional Airport,Cedar City,United States,CDC,KCDC,37.70100021,-113.098999,5622.0,-7,A,America/Denver,airport,OurAirports,321,CDC,Cedar City Regional,Cedar City,UT,318.25,379.96, 804 ,49,UT,Utah,1455989
258,64,St George Municipal Airport,Saint George,United States,SGU,KSGU,37.036389,-113.510306,2941.0,-7,A,America/Denver,airport,OurAirports,190,SGU,St George Regional,St. George,UT,422.4,504.32," 7,705 ",49,UT,Utah,1455989
259,74,Canyonlands Field,Moab,United States,CNY,KCNY,38.75500107,-109.7549973,4557.0,-7,A,America/Denver,airport,OurAirports,335,CNY,Canyonlands Regional,Moab,UT,403.2,481.39, 621 ,49,UT,Utah,1455989
260,76,Vernal Regional Airport,Vernal,United States,VEL,KVEL,40.4408989,-109.5100021,5278.0,-7,A,America/Denver,airport,OurAirports,349,VEL,Vernal Regional,Vernal,UT,546.72,652.75, 438 ,49,UT,Utah,1455989
261,7579,Provo Municipal Airport,Provo,United States,PVU,KPVU,40.21920013,-111.7229996,4497.0,-7,A,America/Denver,airport,OurAirports,208,PVU,Provo Municipal,Provo,UT,106.73,127.43," 5,688 ",49,UT,Utah,1455989
262,9543,Ogden Hinckley Airport,Ogden,United States,OGD,KOGD,41.19589996,-112.012001,4473.0,-7,A,America/Denver,airport,OurAirports,300,OGD,Ogden-Hinckley,Ogden,UT,99.23,118.47," 1,229 ",49,UT,Utah,1455989
263,3542,Harrisburg International Airport,Harrisburg,United States,MDT,KMDT,40.19350052,-76.76339722,310.0,-5,A,America/New_York,airport,OurAirports,108,MDT,Harrisburg International,Harrisburg,PA,486.36,580.67," 30,949 ",42,PA,Pennsylvania,1779798
264,35,Pittsburgh International Airport,Pittsburgh,United States,PIT,KPIT,40.49150085,-80.23290253,1203.0,-5,A,America/New_York,airport,OurAirports,46,PIT,Pittsburgh International,Pittsburgh,PA,357.36,426.66," 181,455 ",42,PA,Pennsylvania,1779798
265,3584,Williamsport Regional Airport,Williamsport,United States,IPT,KIPT,41.2417984,-76.9210968,529.0,-5,A,America/New_York,airport,OurAirports,359,IPT,Williamsport Regional,Williamsport,PA,517.59,617.97, 227 ,42,PA,Pennsylvania,1779798
266,3752,Philadelphia International Airport,Philadelphia,United States,PHL,KPHL,39.87189865,-75.2410965,36.0,-5,A,America/New_York,airport,OurAirports,15,PHL,Philadelphia International,Philadelphia,PA,381.12,455.03," 437,154 ",42,PA,Pennsylvania,1779798
267,4276,Erie International Tom Ridge Field,Erie,United States,ERI,KERI,42.08312701,-80.17386675,732.0,-5,A,America/New_York,airport,OurAirports,225,ERI,Erie International/Tom Ridge Field,Erie,PA,452.6,540.37," 4,465 ",42,PA,Pennsylvania,1779798
268,4286,Wilkes Barre Scranton International Airport,Scranton,United States,AVP,KAVP,41.33850098,-75.7233963,962.0,-5,A,America/New_York,airport,OurAirports,177,AVP,Wilkes Barre Scranton International,Scranton/Wilkes-Barre,PA,390.21,465.89," 10,009 ",42,PA,Pennsylvania,1779798
269,4318,University Park Airport,State College Pennsylvania,United States,SCE,KUNV,40.84930038,-77.84870148,1239.0,-5,A,America/New_York,airport,OurAirports,196,SCE,University Park,State College,PA,585.69,699.27," 6,866 ",42,PA,Pennsylvania,1779798
270,4355,Lehigh Valley International Airport,Allentown,United States,ABE,KABE,40.65209961,-75.44080353,393.0,-5,A,America/New_York,airport,OurAirports,124,ABE,Lehigh Valley International,Allentown/Bethlehem/Easton,PA,348.75,416.38," 24,153 ",42,PA,Pennsylvania,1779798
271,5734,DuBois Regional Airport,Du Bois,United States,DUJ,KDUJ,41.17829895,-78.8986969,1817.0,-5,A,America/New_York,airport,OurAirports,381,DUJ,DuBois Regional,DuBois,PA,288.0,343.85, 64 ,42,PA,Pennsylvania,1779798
272,5747,Arnold Palmer Regional Airport,Latrobe,United States,LBE,KLBE,40.27590179,-79.40480042,1199.0,-5,A,America/New_York,airport,OurAirports,202,LBE,Arnold Palmer Regional,Latrobe,PA,119.09,142.19," 6,136 ",42,PA,Pennsylvania,1779798
273,3544,Capital City Airport,Lansing,United States,LAN,KLAN,42.77870178,-84.58740234,861.0,-5,A,America/New_York,airport,OurAirports,204,LAN,Capital Region International,Lansing,MI,426.42,509.11," 5,888 ",26,MI,Michigan,1779789
274,3645,Detroit Metropolitan Wayne County Airport,Detroit,United States,DTW,KDTW,42.21239853,-83.35340118,645.0,-5,A,America/New_York,airport,OurAirports,16,DTW,Detroit Metro Wayne County,Detroit,MI,369.48,441.14," 430,570 ",26,MI,Michigan,1779789
275,3675,Sawyer International Airport,Gwinn,United States,MQT,KSAW,46.35359955,-87.395401,1221.0,-5,A,America/New_York,airport,OurAirports,249,MQT,Sawyer International,Marquette,MI,564.68,674.18," 3,013 ",26,MI,Michigan,1779789
276,3685,Gerald R. Ford International Airport,Grand Rapids,United States,GRR,KGRR,42.88079834,-85.52279663,794.0,-5,A,America/New_York,airport,OurAirports,63,GRR,Gerald R. Ford International,Grand Rapids,MI,408.57,487.81," 91,893 ",26,MI,Michigan,1779789
277,23,Cherry Capital Airport,Traverse City,United States,TVC,KTVC,44.74140167,-85.5821991,624.0,-5,A,America/New_York,airport,OurAirports,153,TVC,Cherry Capital,Traverse City,MI,542.86,648.14," 15,003 ",26,MI,Michigan,1779789
278,39,Kalamazoo Battle Creek International Airport,Kalamazoo,United States,AZO,KAZO,42.23490143,-85.55210114,874.0,-5,A,America/New_York,airport,OurAirports,214,AZO,Kalamazoo/Battle Creek International,Kalamazoo,MI,532.52,635.8," 5,176 ",26,MI,Michigan,1779789
279,89,Bishop International Airport,Flint,United States,FNT,KFNT,42.9654007,-83.74359894,782.0,-5,A,America/New_York,airport,OurAirports,145,FNT,Bishop International,Flint,MI,361.47,431.57," 16,829 ",26,MI,Michigan,1779789
280,4128,MBS International Airport,Saginaw,United States,MBS,KMBS,43.53290176,-84.07959747,668.0,-5,A,America/New_York,airport,OurAirports,230,MBS,MBS International,Saginaw/Bay City/Midland,MI,583.57,696.75," 4,177 ",26,MI,Michigan,1779789
281,57,Alpena County Regional Airport,Alpena,United States,APN,KAPN,45.0780983,-83.56030273,690.0,-5,A,America/New_York,airport,OurAirports,326,APN,Alpena County Regional,Alpena,MI,631.69,754.19, 694 ,26,MI,Michigan,1779789
282,5729,Chippewa County International Airport,Sault Ste Marie,United States,CIU,KCIU,46.25080109,-84.47239685,800.0,-5,A,America/New_York,airport,OurAirports,303,CIU,Chippewa County International,Sault Ste. Marie,MI,598.25,714.26," 1,113 ",26,MI,Michigan,1779789
283,5732,Houghton County Memorial Airport,Hancock,United States,CMX,KCMX,47.16839981,-88.4890976,1095.0,-5,A,America/New_York,airport,OurAirports,315,CMX,Houghton County Memorial,Hancock/Houghton,MI,554.24,661.72, 903 ,26,MI,Michigan,1779789
284,5754,Muskegon County Airport,Muskegon,United States,MKG,KMKG,43.16949844,-86.23819733,629.0,-5,A,America/New_York,airport,OurAirports,333,MKG,Muskegon County,Muskegon,MI,397.95,475.13, 622 ,26,MI,Michigan,1779789
285,5762,Pellston Regional Airport of Emmet County Airport,Pellston,United States,PLN,KPLN,45.57089996,-84.79669952,721.0,-5,A,America/New_York,airport,OurAirports,286,PLN,Pellston Regional Airport of Emmet County,Pellston,MI,707.82,845.09," 1,479 ",26,MI,Michigan,1779789
286,60,Delta County Airport,Escanaba,United States,ESC,KESC,45.72269821,-87.09369659,609.0,-5,A,America/New_York,airport,OurAirports,312,ESC,Delta County,Escanaba,MI,491.65,587.0, 932 ,26,MI,Michigan,1779789
287,6837,Ford Airport,Iron Mountain,United States,IMT,KIMT,45.81840134,-88.11450195,1182.0,-6,A,America/Chicago,airport,OurAirports,319,IMT,Ford,Iron Mountain/Kingsfd,MI,471.53,562.98, 878 ,26,MI,Michigan,1779789
288,3546,Massena International Richards Field,Massena,United States,MSS,KMSS,44.93579865,-74.84559631,215.0,-5,A,America/New_York,airport,OurAirports,383,MSS,Massena International-Richards Field,Massena,NY,440.89,526.39, 54 ,36,NY,New York,1779796
289,3589,Westchester County Airport,White Plains,United States,HPN,KHPN,41.06700134,-73.70760345,439.0,-5,A,America/New_York,airport,OurAirports,100,HPN,Westchester County,White Plains,NY,402.26,480.27," 35,091 ",36,NY,New York,1779796
290,3622,Greater Rochester International Airport,Rochester,United States,ROC,KROC,43.1189003,-77.67240143,559.0,-5,A,America/New_York,airport,OurAirports,89,ROC,Frederick Douglass Grtr Rochester International,Rochester,NY,377.9,451.18," 47,981 ",36,NY,New York,1779796
291,36,Niagara Falls International Airport,Niagara Falls,United States,IAG,KIAG,43.1072998,-78.94619751,589.0,-5,A,America/New_York,airport,OurAirports,252,IAG,Niagara Falls International,Niagara Falls,NY,143.77,171.65," 2,831 ",36,NY,New York,1779796
292,3661,Stewart International Airport,Newburgh,United States,SWF,KSWF,41.5041008,-74.10479736,491.0,-5,A,America/New_York,airport,OurAirports,226,SWF,New York Stewart International,Newburgh/Poughkeepsie,NY,310.89,371.18," 4,411 ",36,NY,New York,1779796
293,3697,La Guardia Airport,New York,United States,LGA,KLGA,40.77719879,-73.87259674,21.0,-5,A,America/New_York,airport,OurAirports,19,LGA,LaGuardia,New York-La Guardia,NY,316.57,377.96," 416,891 ",36,NY,New York,1779796
294,3724,Ogdensburg International Airport,Ogdensburg,United States,OGS,KOGS,44.68190002,-75.46549988,297.0,-5,A,America/New_York,airport,OurAirports,347,OGS,Ogdensburg International,Ogdensburg,NY,151.3,180.64, 459 ,36,NY,New York,1779796
295,3745,Syracuse Hancock International Airport,Syracuse,United States,SYR,KSYR,43.11119843,-76.10630035,421.0,-5,A,America/New_York,airport,OurAirports,83,SYR,Syracuse Hancock International,Syracuse,NY,423.89,506.1," 52,889 ",36,NY,New York,1779796
296,3771,Plattsburgh International Airport,Plattsburgh,United States,PBG,KPBG,44.65090179,-73.4681015,234.0,-5,A,America/New_York,airport,OurAirports,262,PBG,Plattsburgh International,Plattsburgh,NY,155.58,185.75," 2,456 ",36,NY,New York,1779796
297,3797,John F Kennedy International Airport,New York,United States,JFK,KJFK,40.63980103,-73.77890015,13.0,-5,A,America/New_York,airport,OurAirports,11,JFK,John F. Kennedy International,New York-JFK,NY,393.56,469.89," 521,817 ",36,NY,New York,1779796
298,38,Buffalo Niagara International Airport,Buffalo,United States,BUF,KBUF,42.94049835,-78.73220062,728.0,-5,A,America/New_York,airport,OurAirports,69,BUF,Buffalo Niagara International,Buffalo,NY,316.04,377.33," 83,896 ",36,NY,New York,1779796
299,3838,Watertown International Airport,Watertown,United States,ART,KART,43.9919014,-76.021698,325.0,-5,A,America/New_York,airport,OurAirports,302,ART,Watertown International,Watertown,NY,478.73,571.57," 1,214 ",36,NY,New York,1779796
300,3857,Long Island Mac Arthur Airport,Islip,United States,ISP,KISP,40.79520035,-73.10019684,99.0,-5,A,America/New_York,airport,OurAirports,113,ISP,Long Island MacArthur,Islip,NY,311.03,371.35," 28,265 ",36,NY,New York,1779796
301,3864,Albany International Airport,Albany,United States,ALB,KALB,42.74829865,-73.80169678,285.0,-5,A,America/New_York,airport,OurAirports,80,ALB,Albany International,Albany,NY,397.84,474.99," 57,118 ",36,NY,New York,1779796
302,3946,Elmira Corning Regional Airport,Elmira,United States,ELM,KELM,42.15990067,-76.89160156,954.0,-5,A,America/New_York,airport,OurAirports,218,ELM,Elmira/Corning Regional,Elmira/Corning,NY,436.41,521.05," 5,016 ",36,NY,New York,1779796
303,3947,Ithaca Tompkins Regional Airport,Ithaca,United States,ITH,KITH,42.49100113,-76.45839691,1099.0,-5,A,America/New_York,airport,OurAirports,248,ITH,Ithaca Tompkins International,Ithaca/Cortland,NY,542.32,647.49," 3,259 ",36,NY,New York,1779796
304,4129,Greater Binghamton/Edwin A Link field,Binghamton,United States,BGM,KBGM,42.20869827,-75.97979736,1636.0,-5,A,America/New_York,airport,OurAirports,342,BGM,Greater Binghamton/Edwin A. Link Field,Binghamton,NY,565.25,674.86, 546 ,36,NY,New York,1779796
305,57,Adirondack Regional Airport,Saranac Lake,United States,SLK,KSLK,44.38529968,-74.20619965,1663.0,-5,A,America/New_York,airport,OurAirports,382,SLK,Adirondack Regional,Saranac Lake/Lake Placid,NY,381.59,455.59, 58 ,36,NY,New York,1779796
306,35,Jackson-Medgar Wiley Evers International Airport,Jackson,United States,JAN,KJAN,32.31119919,-90.07589722,346.0,-6,A,America/Chicago,airport,OurAirports,114,JAN,Jackson Medgar Wiley Evers International,Jackson/Vicksburg,MS,560.7,669.44," 27,916 ",28,MS,Mississippi,1779790
307,38,Gulfport Biloxi International Airport,Gulfport,United States,GPT,KGPT,30.40730095,-89.07009888,28.0,-6,A,America/Chicago,airport,OurAirports,170,GPT,Gulfport-Biloxi International,Gulfport/Biloxi,MS,447.23,533.96," 11,792 ",28,MS,Mississippi,1779790
308,4273,Golden Triangle Regional Airport,Columbus Mississippi,United States,GTR,KGTR,33.45029831,-88.59140015,264.0,-6,A,America/Chicago,airport,OurAirports,273,GTR,Golden Triangle Regional,Columbus,MS,612.92,731.79," 1,955 ",28,MS,Mississippi,1779790
309,4335,Key Field,Meridian,United States,MEI,KMEI,32.33259964,-88.75189972,297.0,-6,A,America/Chicago,airport,OurAirports,339,MEI,Key Field,Meridian,MS,472.18,563.75, 588 ,28,MS,Mississippi,1779790
310,5759,Hattiesburg Laurel Regional Airport,Hattiesburg/Laurel,United States,PIB,KPIB,31.46710014,-89.33709717,298.0,-6,A,America/Chicago,airport,OurAirports,332,PIB,Hattiesburg-Laurel Regional,Hattiesburg/Laurel,MS,477.21,569.75, 624 ,28,MS,Mississippi,1779790
311,61,Mid Delta Regional Airport,Greenville,United States,GLH,KGLH,33.48289871,-90.98560333,131.0,-6,A,America/Chicago,airport,OurAirports,387,GLH,Greenville Mid Delta,Greenville,MS,330.5,394.59, 47 ,28,MS,Mississippi,1779790
312,3585,Indianapolis International Airport,Indianapolis,United States,IND,KIND,39.7173,-86.294403,797.0,-5,A,America/New_York,airport,OurAirports,37,IND,Indianapolis International,Indianapolis,IN,350.69,418.7," 206,535 ",18,IN,Indiana,448508
313,18,Evansville Regional Airport,Evansville,United States,EVV,KEVV,38.03699875,-87.53240204,418.0,-6,A,America/Chicago,airport,OurAirports,175,EVV,Evansville Regional,Evansville,IN,490.7,585.86," 10,307 ",18,IN,Indiana,448508
314,41,Fort Wayne International Airport,Fort Wayne,United States,FWA,KFWA,40.97850037,-85.19509888,814.0,-5,A,America/New_York,airport,OurAirports,129,FWA,Fort Wayne International,Fort Wayne,IN,428.95,512.14," 22,770 ",18,IN,Indiana,448508
315,4359,South Bend Regional Airport,South Bend,United States,SBN,KSBN,41.70869827,-86.31729889,799.0,-5,A,America/New_York,airport,OurAirports,132,SBN,South Bend International,South Bend,IN,405.44,484.07," 21,936 ",18,IN,Indiana,448508
316,3597,Cavern City Air Terminal,Carlsbad,United States,CNM,KCNM,32.33750153,-104.2630005,3295.0,-7,A,America/Denver,airport,OurAirports,393,CNM,Cavern City Air Terminal,Carlsbad,NM,619.91,740.13, 36 ,35,NM,New Mexico,897535
317,3736,Roswell International Air Center Airport,Roswell,United States,ROW,KROW,33.30160141,-104.5309982,3671.0,-7,A,America/Denver,airport,OurAirports,259,ROW,Roswell Air Center,Roswell,NM,455.12,543.38," 2,572 ",35,NM,New Mexico,897535
318,3743,Four Corners Regional Airport,Farmington,United States,FMN,KFMN,36.74119949,-108.2300034,5506.0,-7,A,America/Denver,airport,OurAirports,410,FMN,Four Corners Regional,Farmington,NM,602.04,718.79, -   ,35,NM,New Mexico,897535
319,3749,Lea County Regional Airport,Hobbs,United States,HOB,KHOB,32.6875,-103.2170029,3661.0,-7,A,America/Denver,airport,OurAirports,323,HOB,Lea County Regional,Hobbs,NM,476.67,569.11, 781 ,35,NM,New Mexico,897535
320,3784,Santa Fe Municipal Airport,Santa Fe,United States,SAF,KSAF,35.61709976,-106.0889969,6348.0,-7,A,America/Denver,airport,OurAirports,232,SAF,Santa Fe Municipal,Santa Fe,NM,448.87,535.92," 4,034 ",35,NM,New Mexico,897535
321,19,Albuquerque International Sunport,Albuquerque,United States,ABQ,KABQ,35.040199,-106.609001,5355.0,-7,A,America/Denver,airport,OurAirports,68,ABQ,Albuquerque International Sunport,Albuquerque,NM,366.18,437.19," 85,944 ",35,NM,New Mexico,897535
322,4223,Clovis Municipal Airport,Clovis,United States,CVN,KCVN,34.42509842,-103.0790024,4216.0,-7,A,America/Denver,airport,OurAirports,366,CVN,Clovis Regional,Clovis,NM,453.75,541.74, 124 ,35,NM,New Mexico,897535
323,38,Richmond International Airport,Richmond,United States,RIC,KRIC,37.50519943,-77.31970215,167.0,-5,A,America/New_York,airport,OurAirports,58,RIC,Richmond International,Richmond,VA,424.67,507.02," 99,005 ",51,VA,Virginia,1779803
324,3611,Norfolk International Airport,Norfolk,United States,ORF,KORF,36.89459991,-76.20120239,26.0,-5,A,America/New_York,airport,OurAirports,61,ORF,Norfolk International,Norfolk,VA,426.2,508.86," 96,550 ",51,VA,Virginia,1779803
325,3633,Newport News Williamsburg International Airport,Newport News,United States,PHF,KPHF,37.13190079,-76.49299622,42.0,-5,A,America/New_York,airport,OurAirports,216,PHF,Newport News/Williamsburg International,Newport News/Williamsburg,VA,475.16,567.3," 5,060 ",51,VA,Virginia,1779803
326,15,Charlottesville Albemarle Airport,Charlottesville VA,United States,CHO,KCHO,38.1385994,-78.45290375,639.0,-5,A,America/New_York,airport,OurAirports,164,CHO,Charlottesville Albemarle,Charlottesville,VA,421.4,503.12," 12,825 ",51,VA,Virginia,1779803
327,16,RoanokeBlacksburg Regional Airport,Roanoke VA,United States,ROA,KROA,37.3255,-79.975403,1175.0,-5,A,America/New_York,airport,OurAirports,158,ROA,Roanoke Blacksburg Regional,Roanoke,VA,515.64,615.64," 13,424 ",51,VA,Virginia,1779803
328,5753,Lynchburg Regional Preston Glenn Field,Lynchburg,United States,LYH,KLYH,37.3266983,-79.20040131,938.0,-5,A,America/New_York,airport,OurAirports,227,LYH,Lynchburg Regional/Preston Glenn Field,Lynchburg,VA,484.67,578.67," 4,256 ",51,VA,Virginia,1779803
329,3613,Savannah Hilton Head International Airport,Savannah,United States,SAV,KSAV,32.12760162,-81.20210266,50.0,-5,A,America/New_York,airport,OurAirports,79,SAV,Savannah/Hilton Head International,Savannah,GA,400.71,478.42," 57,556 ",13,GA,Georgia,1705317
330,3658,Augusta Regional At Bush Field,Bush Field,United States,AGS,KAGS,33.36989975,-81.96450043,144.0,-5,A,America/New_York,airport,OurAirports,151,AGS,Augusta Regional at Bush Field,Augusta,GA,436.39,521.02," 15,230 ",13,GA,Georgia,1705317
331,3682,Hartsfield Jackson Atlanta International Airport,Atlanta,United States,ATL,KATL,33.6367,-84.428101,1026.0,-5,A,America/New_York,airport,OurAirports,3,ATL,Hartsfield-Jackson Atlanta International,Atlanta,GA,350.91,418.96," 768,501 ",13,GA,Georgia,1705317
332,4255,Columbus Metropolitan Airport,Columbus,United States,CSG,KCSG,32.5163002,-84.93890381,397.0,-5,A,America/New_York,airport,OurAirports,256,CSG,Columbus Airport,Columbus,GA,504.57,602.42," 2,693 ",13,GA,Georgia,1705317
333,5715,Southwest Georgia Regional Airport,Albany,United States,ABY,KABY,31.53549957,-84.19450378,197.0,-5,A,America/New_York,airport,OurAirports,276,ABY,Southwest Georgia Regional,Albany,GA,552.12,659.2," 1,804 ",13,GA,Georgia,1705317
334,5725,Brunswick Golden Isles Airport,Brunswick,United States,BQK,KBQK,31.25880051,-81.46649933,26.0,-5,A,America/New_York,airport,OurAirports,284,BQK,Brunswick Golden Isles,Brunswick,GA,537.87,642.18," 1,518 ",13,GA,Georgia,1705317
335,5776,Valdosta Regional Airport,Valdosta,United States,VLD,KVLD,30.78249931,-83.27670288,203.0,-5,A,America/New_York,airport,OurAirports,265,VLD,Valdosta Regional,Valdosta,GA,581.67,694.47," 2,294 ",13,GA,Georgia,1705317
336,3626,Raleigh Durham International Airport,Raleigh-durham,United States,RDU,KRDU,35.87760162,-78.78749847,435.0,-5,A,America/New_York,airport,OurAirports,32,RDU,Raleigh-Durham International,Raleigh/Durham,NC,354.29,422.99," 241,426 ",37,NC,North Carolina,1027616
337,37,Coastal Carolina Regional Airport,New Bern,United States,EWN,KEWN,35.07300186,-77.04290009,18.0,-5,A,America/New_York,airport,OurAirports,224,EWN,Coastal Carolina Regional,New Bern/Morehead/Beaufort,NC,442.6,528.44," 4,529 ",37,NC,North Carolina,1027616
338,3845,Wilmington International Airport,Wilmington,United States,ILM,KILM,34.27059937,-77.90260315,32.0,-5,A,America/New_York,airport,OurAirports,122,ILM,Wilmington International,Wilmington,NC,457.84,546.63," 24,558 ",37,NC,North Carolina,1027616
339,3876,Charlotte Douglas International Airport,Charlotte,United States,CLT,KCLT,35.2140007,-80.94309998,748.0,-5,A,America/New_York,airport,OurAirports,28,CLT,Charlotte Douglas International,Charlotte,NC,413.38,493.54," 291,628 ",37,NC,North Carolina,1027616
340,07,Asheville Regional Airport,Asheville,United States,AVL,KAVL,35.43619919,-82.54180145,2165.0,-5,A,America/New_York,airport,OurAirports,103,AVL,Asheville Regional,Asheville,NC,384.37,458.91," 33,509 ",37,NC,North Carolina,1027616
341,08,Piedmont Triad International Airport,Greensboro,United States,GSO,KGSO,36.09780121,-79.93730164,925.0,-5,A,America/New_York,airport,OurAirports,99,GSO,Piedmont Triad International,Greensboro/High Point,NC,437.35,522.16," 35,317 ",37,NC,North Carolina,1027616
342,4386,Albert J Ellis Airport,Jacksonville NC,United States,OAJ,KOAJ,34.82920074,-77.61209869,94.0,-5,A,America/New_York,airport,OurAirports,176,OAJ,Albert J Ellis,Jacksonville/Camp Lejeune,NC,419.24,500.54," 10,155 ",37,NC,North Carolina,1027616
343,5738,Fayetteville Regional Grannis Field,Fayetteville,United States,FAY,KFAY,34.99119949,-78.88030243,189.0,-5,A,America/New_York,airport,OurAirports,169,FAY,Fayetteville Regional/Grannis Field,Fayetteville,NC,430.43,513.9," 11,902 ",37,NC,North Carolina,1027616
344,6482,Concord-Padgett Regional Airport,Concord,United States,USA,KJQF,35.387798,-80.709099,705.0,-5,A,America/New_York,airport,OurAirports,197,USA,Concord Padgett Regional,Concord,NC,113.87,135.95," 6,728 ",37,NC,North Carolina,1027616
345,6959,Pitt Greenville Airport,Greenville,United States,PGV,KPGV,35.6352005,-77.38529968,26.0,-5,A,America/New_York,airport,OurAirports,274,PGV,Pitt Greenville,Greenville,NC,437.89,522.81," 1,953 ",37,NC,North Carolina,1027616
346,3641,Theodore Francis Green State Airport,Providence,United States,PVD,KPVD,41.732601,-71.420403,55.0,-5,A,America/New_York,airport,OurAirports,74,PVD,Rhode Island Tf Green International,Providence,RI,338.78,404.48," 68,118 ",44,RI,Rhode Island,1219835
347,3642,Salisbury Ocean City Wicomico Regional Airport,Salisbury,United States,SBY,KSBY,38.34049988,-75.51029968,52.0,-5,A,America/New_York,airport,OurAirports,243,SBY,Salisbury-Ocean City/Wicomico Regional,Salisbury,MD,463.31,553.16," 3,452 ",24,MD,Maryland,1714934
348,3849,Baltimore/Washington International Thurgood Marshall Airport,Baltimore,United States,BWI,KBWI,39.1754,-76.668297,146.0,-5,A,America/New_York,airport,OurAirports,23,BWI,Baltimore/Washington International Thurgood Marshall,Baltimore,MD,313.26,374.01," 349,143 ",24,MD,Maryland,1714934
349,6739,Hagerstown Regional Richard A Henson Field,Hagerstown,United States,HGR,KHGR,39.707901,-77.72949982,703.0,-5,A,America/New_York,airport,OurAirports,281,HGR,Hagerstown Regional-Richard A. Henson Field,Hagerstown,MD,124.23,148.32," 1,631 ",24,MD,Maryland,1714934
350,3711,Burlington International Airport,Burlington,United States,BTV,KBTV,44.47190094,-73.15329742,335.0,-5,A,America/New_York,airport,OurAirports,134,BTV,Burlington International,Burlington,VT,439.33,524.53," 21,231 ",50,VT,Vermont,1779802
351,5767,Rutland - Southern Vermont Regional Airport,Rutland,United States,RUT,KRUT,43.52939987,-72.94960022,787.0,-5,A,America/New_York,airport,OurAirports,374,RUT,Rutland - Southern Vermont Regional,Rutland,VT,374.92,447.63, 85 ,50,VT,Vermont,1779802
352,37,Portland International Airport,Portland,United States,PDX,KPDX,45.58869934,-122.5979996,31.0,-8,A,America/Los_Angeles,airport,OurAirports,26,PDX,Portland International,Portland,OR,321.91,384.34," 318,399 ",41,OR,Oregon,1155107
353,99,Mahlon Sweet Field,Eugene,United States,EUG,KEUG,44.12459946,-123.211998,374.0,-8,A,America/Los_Angeles,airport,OurAirports,105,EUG,Mahlon Sweet Field,Eugene,OR,360.73,430.69," 33,026 ",41,OR,Oregon,1155107
354,41,Rogue Valley International Medford Airport,Medford,United States,MFR,KMFR,42.37419891,-122.8730011,1335.0,-8,A,America/Los_Angeles,airport,OurAirports,120,MFR,Rogue Valley International - Medford,Medford,OR,363.14,433.56," 26,110 ",41,OR,Oregon,1155107
355,43,Roberts Field,Redmond-Bend,United States,RDM,KRDM,44.2541008,-121.1500015,3080.0,-8,A,America/Los_Angeles,airport,OurAirports,127,RDM,Roberts Field,Bend/Redmond,OR,397.53,474.62," 23,093 ",41,OR,Oregon,1155107
356,57,Crater Lake-Klamath Regional Airport,Klamath Falls,United States,LMT,KLMT,42.156101,-121.733002,4095.0,-8,A,America/Los_Angeles,airport,OurAirports,410,LMT,Crater Lake Klamath Regional,Klamath Falls,OR,633.8,756.71, -   ,41,OR,Oregon,1155107
357,5757,Southwest Oregon Regional Airport,North Bend,United States,OTH,KOTH,43.417099,-124.2460022,17.0,-8,A,America/Los_Angeles,airport,OurAirports,351,OTH,Southwest Oregon Regional,North Bend/Coos Bay,OR,447.61,534.41, 407 ,41,OR,Oregon,1155107
358,6883,Eastern Oregon Regional At Pendleton Airport,Pendleton,United States,PDT,KPDT,45.69509888,-118.8410034,1497.0,-8,A,America/Los_Angeles,airport,OurAirports,397,PDT,Eastern Oregon Regional at Pendleton,Pendleton,OR,254.3,303.62, 26 ,41,OR,Oregon,1155107
359,3729,Des Moines International Airport,Des Moines,United States,DSM,KDSM,41.5340004,-93.6631012,958.0,-6,A,America/Chicago,airport,OurAirports,75,DSM,Des Moines International,Des Moines,IA,379.18,452.71," 67,129 ",19,IA,Iowa,1779785
360,3753,Sioux Gateway Col. Bud Day Field,Sioux City,United States,SUX,KSUX,42.40259933,-96.38439941,1098.0,-6,A,America/Chicago,airport,OurAirports,301,SUX,Sioux Gateway Brig Gen Bud Day Field,Sioux City,IA,453.72,541.7," 1,225 ",19,IA,Iowa,1779785
361,43,The Eastern Iowa Airport,Cedar Rapids,United States,CID,KCID,41.88470078,-91.71080017,869.0,-6,A,America/Chicago,airport,OurAirports,101,CID,The Eastern Iowa,Cedar Rapids/Iowa City,IA,420.3,501.81," 33,692 ",19,IA,Iowa,1779785
362,4388,Dubuque Regional Airport,Dubuque IA,United States,DBQ,KDBQ,42.40200043,-90.70950317,1077.0,-6,A,America/Chicago,airport,OurAirports,309,DBQ,Dubuque Regional,Dubuque,IA,504.93,602.85," 1,036 ",19,IA,Iowa,1779785
363,5718,Waterloo Regional Airport,Waterloo,United States,ALO,KALO,42.55709839,-92.40029907,873.0,-6,A,America/Chicago,airport,OurAirports,324,ALO,Waterloo Regional,Waterloo,IA,470.01,561.15, 748 ,19,IA,Iowa,1779785
364,3739,Dothan Regional Airport,Dothan,United States,DHN,KDHN,31.32130051,-85.44960022,401.0,-6,A,America/Chicago,airport,OurAirports,272,DHN,Dothan Regional,Dothan,AL,748.5,893.65," 1,974 ",1,AL,Alabama,1779775
365,3782,Mobile Regional Airport,Mobile,United States,MOB,KMOB,30.69120026,-88.24279785,219.0,-6,A,America/Chicago,airport,OurAirports,167,MOB,Mobile Regional,Mobile,AL,556.8,664.78," 12,256 ",1,AL,Alabama,1779775
366,3811,Birmingham-Shuttlesworth International Airport,Birmingham,United States,BHM,KBHM,33.56290054,-86.75350189,650.0,-6,A,America/Chicago,airport,OurAirports,77,BHM,Birmingham-Shuttlesworth International,Birmingham,AL,457.38,546.08," 62,393 ",1,AL,Alabama,1779775
367,4113,Huntsville International Carl T Jones Field,Huntsville,United States,HSV,KHSV,34.6371994,-86.77510071,629.0,-6,A,America/Chicago,airport,OurAirports,121,HSV,Huntsville International-Carl T Jones Field,Huntsville,AL,618.66,738.63," 25,469 ",1,AL,Alabama,1779775
368,4115,Montgomery Regional (Dannelly Field) Airport,MONTGOMERY,United States,MGM,KMGM,32.30059814,-86.39399719,221.0,-6,A,America/Chicago,airport,OurAirports,199,MGM,Montgomery Regional,Montgomery,AL,567.46,677.51," 6,584 ",1,AL,Alabama,1779775
369,5756,Northwest Alabama Regional Airport,Muscle Shoals,United States,MSL,KMSL,34.74530029,-87.61019897,551.0,-6,A,America/Chicago,airport,OurAirports,392,MSL,Northwest Alabama Regional,Muscle Shoals,AL,322.06,384.52, 40 ,1,AL,Alabama,1779775
370,3747,Chicago Midway International Airport,Chicago,United States,MDW,KMDW,41.785999,-87.752403,620.0,-6,A,America/Chicago,airport,OurAirports,31,MDW,Chicago Midway International,Chicago-Midway,IL,279.93,334.21," 254,220 ",17,IL,Illinois,1779784
371,37,Scott AFB/Midamerica Airport,Belleville,United States,BLV,KBLV,38.5452,-89.835197,459.0,-6,A,America/Chicago,airport,OurAirports,166,BLV,Scott AFB MidAmerica St Louis,Belleville,IL,132.58,158.29," 12,300 ",17,IL,Illinois,1779784
372,38,Chicago O'Hare International Airport,Chicago,United States,ORD,KORD,41.9786,-87.9048,672.0,-6,A,America/Chicago,airport,OurAirports,2,ORD,Chicago O'Hare International,Chicago-O'Hare,IL,317.14,378.64," 795,315 ",17,IL,Illinois,1779784
373,28,Chicago Rockford International Airport,Rockford,United States,RFD,KRFD,42.19540024,-89.09719849,742.0,-6,A,America/Chicago,airport,OurAirports,192,RFD,Chicago/Rockford International,Rockford,IL,166.51,198.8," 7,383 ",17,IL,Illinois,1779784
374,37,Central Illinois Regional Airport at Bloomington-Normal,Bloomington,United States,BMI,KBMI,40.47710037,-88.91590118,871.0,-6,A,America/Chicago,airport,OurAirports,178,BMI,Central Il Regional Airport at Bloomington,Bloomington/Normal,IL,413.26,493.41," 9,970 ",17,IL,Illinois,1779784
375,46,General Wayne A. Downing Peoria International Airport,Peoria,United States,PIA,KPIA,40.66419983,-89.69329834,660.0,-6,A,America/Chicago,airport,OurAirports,146,PIA,General Downing - Peoria International,Peoria,IL,348.92,416.59," 16,755 ",17,IL,Illinois,1779784
376,49,University of Illinois Willard Airport,Champaign,United States,CMI,KCMI,40.03919983,-88.27809906,755.0,-6,A,America/Chicago,airport,OurAirports,245,CMI,University of Illinois/Willard,Champaign/Urbana,IL,515.22,615.13," 3,301 ",17,IL,Illinois,1779784
377,72,Quad City International Airport,Moline,United States,MLI,KMLI,41.44850159,-90.50749969,590.0,-6,A,America/Chicago,airport,OurAirports,148,MLI,Quad Cities International,Moline,IL,406.36,485.17," 16,008 ",17,IL,Illinois,1779784
378,4336,Abraham Lincoln Capital Airport,Springfield,United States,SPI,KSPI,39.84410095,-89.67790222,598.0,-6,A,America/Chicago,airport,OurAirports,233,SPI,Abraham Lincoln Capital,Springfield,IL,353.05,421.52," 4,033 ",17,IL,Illinois,1779784
379,5774,Quincy Regional Baldwin Field,Quincy,United States,UIN,KUIN,39.94269943,-91.19460297,768.0,-6,A,America/Chicago,airport,OurAirports,362,UIN,Quincy Regional-Baldwin Field,Quincy,IL,456.06,544.51, 166 ,17,IL,Illinois,1779784
380,6825,Williamson County Regional Airport,Marion,United States,MWA,KMWA,37.75500107,-89.01110077,472.0,-6,A,America/Chicago,airport,OurAirports,363,MWA,Veterans Airport of Southern Illinois,Marion/Herrin,IL,460.29,549.56, 163 ,17,IL,Illinois,1779784
381,34,Cheyenne Regional Jerry Olson Field,Cheyenne,United States,CYS,KCYS,41.15570068,-104.8119965,6159.0,-7,A,America/Denver,airport,OurAirports,360,CYS,Cheyenne Regional/Jerry Olson Field,Cheyenne,WY,591.02,705.64, 211 ,56,WY,Wyoming,1779807
382,3872,Casper-Natrona County International Airport,Casper,United States,CPR,KCPR,42.908001,-106.463997,5350.0,-7,A,America/Denver,airport,OurAirports,237,CPR,Casper/Natrona County International,Casper,WY,449.14,536.23," 3,792 ",56,WY,Wyoming,1779807
383,27,Jackson Hole Airport,Jacksn Hole,United States,JAC,KJAC,43.6072998,-110.737999,6451.0,-7,A,America/Denver,airport,OurAirports,157,JAC,Jackson Hole,Jackson,WY,665.17,794.16," 14,367 ",56,WY,Wyoming,1779807
384,4296,Gillette Campbell County Airport,Gillette,United States,GCC,KGCC,44.34889984,-105.5390015,4365.0,-7,A,America/Denver,airport,OurAirports,298,GCC,Northeast Wyoming Regional,Gillette,WY,565.4,675.04," 1,261 ",56,WY,Wyoming,1779807
385,4344,Yellowstone Regional Airport,Cody,United States,COD,KCOD,44.52019882,-109.0240021,5102.0,-7,A,America/Denver,airport,OurAirports,278,COD,Yellowstone Regional,Cody,WY,516.39,616.53," 1,713 ",56,WY,Wyoming,1779807
386,5746,Laramie Regional Airport,Laramie,United States,LAR,KLAR,41.31209946,-105.6750031,7284.0,-7,A,America/Denver,airport,OurAirports,316,LAR,Laramie Regional,Laramie,WY,465.68,555.99, 900 ,56,WY,Wyoming,1779807
387,5766,Southwest Wyoming Regional Airport,Rock Springs,United States,RKS,KRKS,41.5942,-109.065001,6764.0,-7,A,America/Denver,airport,OurAirports,318,RKS,Southwest Wyoming Regional,Rock Springs,WY,543.18,648.52, 889 ,56,WY,Wyoming,1779807
388,6881,Riverton Regional Airport,Riverton WY,United States,RIW,KRIW,43.06420136,-108.4599991,5525.0,-7,A,America/Denver,airport,OurAirports,327,RIW,Central Wyoming Regional,Riverton/Lander,WY,656.27,783.54, 692 ,56,WY,Wyoming,1779807
389,37,Reno Tahoe International Airport,Reno,United States,RNO,KRNO,39.49909973,-119.7679977,4415.0,-8,A,America/Los_Angeles,airport,OurAirports,71,RNO,Reno/Tahoe International,Reno,NV,339.0,404.75," 81,805 ",32,NV,Nevada,1779793
390,3877,McCarran International Airport,Las Vegas,United States,LAS,KLAS,36.08010101,-115.1520004,2181.0,-8,A,America/Los_Angeles,airport,OurAirports,13,LAS,Harry Reid International,Las Vegas,NV,239.01,285.36," 497,289 ",32,NV,Nevada,1779793
391,5736,Elko Regional Airport,Elko,United States,EKO,KEKO,40.82490158,-115.7919998,5140.0,-8,A,America/Los_Angeles,airport,OurAirports,305,EKO,Elko Regional,Elko,NV,749.38,894.7," 1,078 ",32,NV,Nevada,1779793
392,3825,Bradley International Airport,Windsor Locks,United States,BDL,KBDL,41.93889999,-72.68319702,173.0,-5,A,America/New_York,airport,OurAirports,51,BDL,Bradley International,Hartford,CT,373.77,446.25," 142,941 ",9,CT,Connecticut,1779780
393,06,Tweed New Haven Airport,New Haven,United States,HVN,KHVN,41.26369858,-72.88680267,12.0,-5,A,America/New_York,airport,OurAirports,268,HVN,Tweed New Haven,New Haven,CT,403.78,482.08," 2,188 ",9,CT,Connecticut,1779780
394,3855,Tulsa International Airport,Tulsa,United States,TUL,KTUL,36.19839859,-95.88809967,677.0,-6,A,America/Chicago,airport,OurAirports,76,TUL,Tulsa International,Tulsa,OK,409.44,488.84," 64,735 ",40,OK,Oklahoma,1102857
395,3863,Will Rogers World Airport,Oklahoma City,United States,OKC,KOKC,35.39310074,-97.60070038,1295.0,-6,A,America/Chicago,airport,OurAirports,64,OKC,Will Rogers World,Oklahoma City,OK,399.64,477.14," 91,480 ",40,OK,Oklahoma,1102857
396,4256,Lawton Fort Sill Regional Airport,Lawton,United States,LAW,KLAW,34.56769943,-98.41660309,1110.0,-6,A,America/Chicago,airport,OurAirports,266,LAW,Lawton-Fort Sill Regional,Lawton/Fort Sill,OK,505.13,603.09," 2,244 ",40,OK,Oklahoma,1102857
397,9776,Stillwater Regional Airport,Stillwater,United States,SWO,KSWO,36.16120148,-97.08570099,1000.0,-6,A,America/Chicago,airport,OurAirports,299,SWO,Stillwater Regional,Stillwater,OK,425.26,507.73," 1,246 ",40,OK,Oklahoma,1102857
398,09,Joe Foss Field Airport,Sioux Falls,United States,FSD,KFSD,43.58200073,-96.74189758,1429.0,-6,A,America/Chicago,airport,OurAirports,110,FSD,Joe Foss Field,Sioux Falls,SD,390.24,465.92," 29,802 ",46,SD,South Dakota,1785534
399,87,Rapid City Regional Airport,Rapid City,United States,RAP,KRAP,44.04529953,-103.0569992,3204.0,-7,A,America/Denver,airport,OurAirports,154,RAP,Rapid City Regional,Rapid City,SD,483.95,577.8," 15,000 ",46,SD,South Dakota,1785534
400,5714,Aberdeen Regional Airport,Aberdeen,United States,ABR,KABR,45.44910049,-98.42179871,1302.0,-6,A,America/Chicago,airport,OurAirports,295,ABR,Aberdeen Regional,Aberdeen,SD,588.06,702.1," 1,325 ",46,SD,South Dakota,1785534
401,5721,Watertown Regional Airport,Watertown,United States,ATY,KATY,44.91400146,-97.15470123,1749.0,-6,A,America/Chicago,airport,OurAirports,345,ATY,Watertown Regional,Watertown,SD,460.07,549.29, 476 ,46,SD,South Dakota,1785534
402,5761,Pierre Regional Airport,Pierre,United States,PIR,KPIR,44.38270187,-100.2860031,1744.0,-6,A,America/Chicago,airport,OurAirports,328,PIR,Pierre Regional,Pierre,SD,520.13,621.0, 689 ,46,SD,South Dakota,1785534
403,11,Manchester-Boston Regional Airport,Manchester NH,United States,MHT,KMHT,42.932598,-71.435699,266.0,-5,A,America/New_York,airport,OurAirports,119,MHT,Manchester Boston Regional,Manchester,NH,373.34,445.74," 26,222 ",33,NH,New Hampshire,1779794
404,5749,Lebanon Municipal Airport,Lebanon,United States,LEB,KLEB,43.62609863,-72.30419922,603.0,-5,A,America/New_York,airport,OurAirports,370,LEB,Lebanon Municipal,Lebanon-Hanover,NH,357.78,427.17, 100 ,33,NH,New Hampshire,1779794
405,5763,Portsmouth International at Pease Airport,Portsmouth,United States,PSM,KPSM,43.07789993,-70.82330322,100.0,-5,A,America/New_York,airport,OurAirports,255,PSM,Portsmouth International at Pease,Portsmouth,NH,157.31,187.81," 2,731 ",33,NH,New Hampshire,1779794
406,14,Louisville International Standiford Field,Louisville,United States,SDF,KSDF,38.1744,-85.736,501.0,-5,A,America/New_York,airport,OurAirports,65,SDF,Louisville Muhammad Ali International,Louisville,KY,409.98,489.49," 88,375 ",21,KY,Kentucky,1779786
407,17,Blue Grass Airport,Lexington KY,United States,LEX,KLEX,38.03649902,-84.60590363,979.0,-5,A,America/New_York,airport,OurAirports,115,LEX,Blue Grass,Lexington,KY,426.12,508.75," 27,888 ",21,KY,Kentucky,1779786
408,4117,Barkley Regional Airport,PADUCAH,United States,PAH,KPAH,37.06079865,-88.77380371,410.0,-6,A,America/Chicago,airport,OurAirports,333,PAH,Barkley Regional,Paducah,KY,432.81,516.75, 622 ,21,KY,Kentucky,1779786
409,5758,Owensboro Daviess County Airport,Owensboro,United States,OWB,KOWB,37.74010086,-87.16680145,407.0,-6,A,America/Chicago,airport,OurAirports,331,OWB,Owensboro Daviess County Regional,Owensboro,KY,148.72,177.56, 650 ,21,KY,Kentucky,1779786
410,4285,Yeager Airport,Charleston,United States,CRW,KCRW,38.37310028,-81.59320068,981.0,-5,A,America/New_York,airport,OurAirports,188,CRW,West Virginia International Yeager,Charleston/Dunbar,WV,554.77,662.35," 8,170 ",54,WV,West Virginia,1779805
411,57,North Central West Virginia Airport,Clarksburg,United States,CKB,KCKB,39.29660034,-80.22810364,1217.0,-5,A,America/New_York,airport,OurAirports,271,CKB,North Central West Virginia,Clarksburg/Fairmont,WV,134.75,160.88," 2,065 ",54,WV,West Virginia,1779805
412,5742,Tri-State/Milton J. Ferguson Field,Huntington,United States,HTS,KHTS,38.36669922,-82.55799866,828.0,-5,A,America/New_York,airport,OurAirports,200,HTS,Tri-State/Milton J. Ferguson Field,Ashland,WV,234.44,279.9," 6,574 ",54,WV,West Virginia,1779805
